AC No,Booth,Caste,Count,Category
80,1,Bhumij,0.6,ST
80,1,Brahmin,18.5,GEN
80,1,Jele,1,SC
80,1,Kayastha,56.33158,GEN
80,1,Kumor,0.6,GEN
80,1,Mahishya,160.0444,GEN
80,1,Muslim,17,Muslim
80,1,Namasudra,625.024,SC
80,1,Paundra,0.4,SC
80,1,Purvanchali,23.8,GEN
80,1,Rajbongshi,6.5,SC
80,1,Yadav,0.2,OBC
80,2,Bagdi,0.3,SC
80,2,Baniya,0.3,GEN
80,2,Brahmin,8.5,GEN
80,2,Hari,12,SC
80,2,Jele,2.8,SC
80,2,Karmakar,5,SC
80,2,Kayastha,35,GEN
80,2,Kumor,4.2,GEN
80,2,Lohar,12,SC
80,2,Mahishya,16.26667,GEN
80,2,Muslim,6,Muslim
80,2,Namasudra,51.66333,SC
80,2,Paundra,0.72,SC
80,2,Purvanchali,391,GEN
80,2,Rajbongshi,1,SC
80,2,Sadgope,2.4,OBC
80,2,Sunri,0.7,SC
80,2,Yadav,8.4,OBC
80,2,baishya,0.75,GEN
80,3,Kayastha,1.7,GEN
80,3,Mahishya,5.688889,GEN
80,3,Muslim,658,Muslim
80,3,Namasudra,8.611111,SC
80,4,Kayastha,0.1,GEN
80,4,Mahishya,0.4,GEN
80,4,Muslim,703,Muslim
80,4,Namasudra,0.5,SC
80,5,Mahishya,0.222222,GEN
80,5,Muslim,989,Muslim
80,5,Namasudra,1.777778,SC
80,6,Hari,1,SC
80,6,Muslim,1090,Muslim
80,6,Namasudra,0.5,SC
80,6,Rajbongshi,0.5,SC
80,7,Kayastha,0.6,GEN
80,7,Mahishya,0.4,GEN
80,7,Muslim,948,Muslim
80,7,Namasudra,1,SC
80,7,Purvanchali,1,GEN
80,8,Kayastha,0.5,GEN
80,8,Muslim,613,Muslim
80,8,Namasudra,0.5,SC
80,8,Purvanchali,3,GEN
80,9,Muslim,687,Muslim
80,10,Brahmin,2,GEN
80,10,Kayastha,25.5,GEN
80,10,Mahishya,2.666667,GEN
80,10,Muslim,483,Muslim
80,10,Namasudra,14.83333,SC
80,10,Napit,1.8,SC
80,10,Paundra,1.2,SC
80,10,Purvanchali,12,GEN
80,10,Sadgope,10,OBC
80,10,Yadav,30,OBC
80,11,Brahmin,1,GEN
80,11,Kayastha,1.2,GEN
80,11,Muslim,620,Muslim
80,11,Sadgope,0.2,OBC
80,11,Yadav,0.6,OBC
80,12,Kayastha,266.2,GEN
80,12,Mahishya,177.0222,GEN
80,12,Muslim,137,Muslim
80,12,Namasudra,1.777778,SC
80,13,Dhobi,8,SC
80,13,Kayastha,23.3,GEN
80,13,Mahishya,5.644444,GEN
80,13,Muslim,615,Muslim
80,13,Namasudra,12.81556,SC
80,13,Paundra,0.24,SC
80,14,Baniya,0.6,GEN
80,14,Brahmin,24.4,GEN
80,14,Dhobi,10,SC
80,14,Kayastha,94.6,GEN
80,14,Mahishya,7.288889,GEN
80,14,Muslim,471,Muslim
80,14,Namasudra,25.31111,SC
80,14,Napit,3.6,SC
80,14,Paundra,2.4,SC
80,14,Purvanchali,51,GEN
80,14,Rajbongshi,4,SC
80,14,Sadgope,64.6,OBC
80,14,Sunri,1.4,SC
80,14,Yadav,193.8,OBC
80,15,Hari,22,SC
80,15,Kayastha,54.6,GEN
80,15,Muslim,515,Muslim
80,15,Paundra,10,SC
80,15,Purvanchali,6,GEN
80,15,Sadgope,53,OBC
80,15,Teli,0.4,OBC
80,15,Yadav,159,OBC
80,16,Bairagi,4,SC
80,16,Baniya,24,GEN
80,16,Bhumij,0.6,ST
80,16,Brahmin,18,GEN
80,16,Hari,9,SC
80,16,Karmakar,19,SC
80,16,Kayastha,31.74211,GEN
80,16,Mahishya,70.41667,GEN
80,16,Namasudra,442.5912,SC
80,16,Napit,0.6,SC
80,16,Paundra,11.25,SC
80,16,Purvanchali,3,GEN
80,16,Sadgope,1.2,OBC
80,16,Sunri,56.5,SC
80,16,Teli,0.5,OBC
80,16,Yadav,3.6,OBC
80,17,Bhumij,1.8,ST
80,17,Brahmin,99.7,GEN
80,17,Kayastha,92.8,GEN
80,17,Mahishya,136.6778,GEN
80,17,Muslim,9,Muslim
80,17,Namasudra,475.8222,SC
80,17,Napit,1.2,SC
80,17,Paundra,2.9,SC
80,17,Purvanchali,12.8,GEN
80,17,Rajbongshi,0.5,SC
80,17,Sadgope,22.2,OBC
80,17,Yadav,66.6,OBC
80,18,Kayastha,0.6,GEN
80,18,Mahishya,0.844444,GEN
80,18,Muslim,871,Muslim
80,18,Namasudra,2.555556,SC
80,18,Purvanchali,1,GEN
80,18,Rajbongshi,1,SC
80,19,Kayastha,1.1,GEN
80,19,Mahishya,1.288889,GEN
80,19,Muslim,621,Muslim
80,19,Namasudra,9.611111,SC
80,20,Baniya,0.6,GEN
80,20,Brahmin,2,GEN
80,20,Kayastha,3.4,GEN
80,20,Kumor,0.6,GEN
80,20,Mahishya,2.133333,GEN
80,20,Muslim,940,Muslim
80,20,Namasudra,9.666667,SC
80,20,Sunri,1.4,SC
80,20,Yadav,0.2,OBC
80,21,Baniya,5.1,GEN
80,21,Brahmin,14.2,GEN
80,21,Hari,6,SC
80,21,Kayastha,163,GEN
80,21,Kumor,0.6,GEN
80,21,Mahishya,106.1778,GEN
80,21,Muslim,727,Muslim
80,21,Namasudra,24.92222,SC
80,21,Paundra,1,SC
80,21,Purvanchali,11,GEN
80,21,Rajbongshi,5.5,SC
80,21,Sadgope,1.4,OBC
80,21,Sunri,11.9,SC
80,21,Tanti,0.8,OBC
80,21,Yadav,4.4,OBC
80,22,Baniya,7.8,GEN
80,22,Bhumij,3.6,ST
80,22,Brahmin,10.5,GEN
80,22,Dhobi,23,SC
80,22,Jele,2,SC
80,22,Kayastha,46.3,GEN
80,22,Kumor,22.8,GEN
80,22,Mahishya,8.622222,GEN
80,22,Muslim,388,Muslim
80,22,Namasudra,28.57778,SC
80,22,Paundra,2.9,SC
80,22,Purvanchali,10.5,GEN
80,22,Rajbongshi,1,SC
80,22,Sadgope,12.4,OBC
80,22,Sonar,3,OBC
80,22,Sunri,19.2,SC
80,22,Teli,1.2,OBC
80,22,Yadav,44.6,OBC
80,23,Bagdi,3,SC
80,23,Bhumij,4.2,ST
80,23,Brahmin,7.8,GEN
80,23,Dhobi,6,SC
80,23,Jele,1.6,SC
80,23,Kayastha,31.8,GEN
80,23,Kumor,3,GEN
80,23,Mahishya,3.911111,GEN
80,23,Muslim,547,Muslim
80,23,Namasudra,16.48889,SC
80,23,Paundra,2.8,SC
80,23,Purvanchali,6,GEN
80,23,Rajbongshi,2,SC
80,23,Sadgope,2.8,OBC
80,23,Sunri,2.5,SC
80,23,Teli,2.9,OBC
80,23,Yadav,9.2,OBC
80,24,Badhai,2,OBC
80,24,Bagdi,0.6,SC
80,24,Bairagi,1,SC
80,24,Baniya,10.8,GEN
80,24,Bhumij,0.3,ST
80,24,Brahmin,84,GEN
80,24,Hari,5,SC
80,24,Karmakar,14,SC
80,24,Kayastha,119.9211,GEN
80,24,Kumor,10.2,GEN
80,24,Mahishya,72.92222,GEN
80,24,Muslim,14,Muslim
80,24,Nai,11,OBC
80,24,Namasudra,123.8967,SC
80,24,Napit,3,SC
80,24,Paundra,11.36,SC
80,24,Purvanchali,34.7,GEN
80,24,Rajbongshi,7.5,SC
80,24,Raju,1.2,OBC
80,24,Sadgope,3.8,OBC
80,24,Sunri,120.7,SC
80,24,Sutradhar,5,OBC
80,24,Tanti,20.8,OBC
80,24,Teli,96.7,OBC
80,24,Yadav,14.6,OBC
80,25,Bagdi,3.2,SC
80,25,Baniya,3.4,GEN
80,25,Bhumij,0.9,ST
80,25,Brahmin,39.2,GEN
80,25,Hari,4,SC
80,25,Jele,1,SC
80,25,Karmakar,1,SC
80,25,Kayastha,33.59474,GEN
80,25,Kumor,6.6,GEN
80,25,Mahishya,10,GEN
80,25,Muslim,616,Muslim
80,25,Namasudra,39.16526,SC
80,25,Napit,0.6,SC
80,25,Paundra,6.04,SC
80,25,Purvanchali,6.9,GEN
80,25,Rajbongshi,2,SC
80,25,Sonar,1,OBC
80,25,Sunri,92.1,SC
80,25,Tanti,0.8,OBC
80,25,Teli,86.5,OBC
80,25,Yadav,2,OBC
80,26,Bagdi,0.8,SC
80,26,Baniya,9.5,GEN
80,26,Bhumij,0.6,ST
80,26,Brahmin,94.2,GEN
80,26,Hari,18,SC
80,26,Jele,2,SC
80,26,Karmakar,39,SC
80,26,Kayastha,227.9211,GEN
80,26,Kumor,17.4,GEN
80,26,Mahishya,120.2944,GEN
80,26,Marwari,2,GEN
80,26,Muslim,219,Muslim
80,26,Nai,1,OBC
80,26,Namasudra,191.1545,SC
80,26,Napit,1.2,SC
80,26,Paundra,11.33,SC
80,26,Purvanchali,31.9,GEN
80,26,Rajbongshi,12,SC
80,26,Raju,1.6,OBC
80,26,Sadgope,25,OBC
80,26,Sunri,26.5,SC
80,26,Sutradhar,2,OBC
80,26,Tanti,17.6,OBC
80,26,Teli,18.4,OBC
80,26,Yadav,80.6,OBC
80,27,Baniya,3.6,GEN
80,27,Bauri,2,SC
80,27,Brahmin,70.2,GEN
80,27,Hari,9,SC
80,27,Jele,1.6,SC
80,27,Karmakar,3,SC
80,27,Kayastha,227.5474,GEN
80,27,Kumor,3,GEN
80,27,Mahishya,87.76667,GEN
80,27,Muslim,328,Muslim
80,27,Namasudra,47.98596,SC
80,27,Paundra,4.2,SC
80,27,Purvanchali,3,GEN
80,27,Rajbongshi,4.5,SC
80,27,Sadgope,48.6,OBC
80,27,Sunri,11.9,SC
80,27,Tanti,10.4,OBC
80,27,Teli,3.5,OBC
80,27,Yadav,146.2,OBC
80,28,Bagdi,3,SC
80,28,Baniya,24.6,GEN
80,28,Bhumij,74.4,ST
80,28,Brahmin,96.67,GEN
80,28,Dhobi,8,SC
80,28,Hari,10,SC
80,28,Jele,15.8,SC
80,28,Karmakar,25,SC
80,28,Kayastha,104.6158,GEN
80,28,Kumor,9,GEN
80,28,Mahishya,51.25556,GEN
80,28,Marwari,19,GEN
80,28,Muslim,66,Muslim
80,28,Namasudra,176.8487,SC
80,28,Odiya,1,GEN
80,28,Paundra,60.98,SC
80,28,Purvanchali,10.9,GEN
80,28,Rajbongshi,6,SC
80,28,Sadgope,7.6,OBC
80,28,Santhal,2,ST
80,28,Sunri,58.9,SC
80,28,Tanti,4.4,OBC
80,28,Teli,1.5,OBC
80,28,Yadav,25.4,OBC
80,28,baishya,0.13,GEN
80,29,Baniya,22.2,GEN
80,29,Brahmin,54.77,GEN
80,29,Jele,4,SC
80,29,Karmakar,53,SC
80,29,Kayastha,31.56316,GEN
80,29,Kumor,2.4,GEN
80,29,Mahishya,16.22222,GEN
80,29,Marwari,7,GEN
80,29,Muslim,33,Muslim
80,29,Namasudra,91.77462,SC
80,29,Paundra,8.24,SC
80,29,Purvanchali,4,GEN
80,29,Rajbongshi,9.5,SC
80,29,Sadgope,12.2,OBC
80,29,Sunri,53.3,SC
80,29,Sutradhar,10,OBC
80,29,Tanti,0.8,OBC
80,29,Teli,1.5,OBC
80,29,Yadav,37.4,OBC
80,29,baishya,0.13,GEN
80,30,Bagdi,6.6,SC
80,30,Bairagi,9,SC
80,30,Baniya,0.3,GEN
80,30,Brahmin,65.09,GEN
80,30,Jele,0.4,SC
80,30,Karmakar,64,SC
80,30,Kayastha,115.25,GEN
80,30,Kumor,14.4,GEN
80,30,Mahishya,47.21111,GEN
80,30,Marwari,63.2,GEN
80,30,Muslim,50,Muslim
80,30,Namasudra,24.38889,SC
80,30,Purvanchali,43.75,GEN
80,30,Raju,1.2,OBC
80,30,Sadgope,21.6,OBC
80,30,Sunri,2.7,SC
80,30,Tanti,1.6,OBC
80,30,Teli,4.2,OBC
80,30,Yadav,69.2,OBC
80,30,baishya,0.91,GEN
80,31,Bagdi,1.2,SC
80,31,Baniya,20.9,GEN
80,31,Bhumij,4.2,ST
80,31,Brahmin,52.2,GEN
80,31,Jele,3,SC
80,31,Karmakar,8,SC
80,31,Kayastha,63.85526,GEN
80,31,Kumor,2.4,GEN
80,31,Mahishya,60.57778,GEN
80,31,Muslim,125,Muslim
80,31,Nai,3,OBC
80,31,Namasudra,208.497,SC
80,31,Paundra,10.62,SC
80,31,Purvanchali,16.45,GEN
80,31,Rajbongshi,10,SC
80,31,Sadgope,0.8,OBC
80,31,Sunri,30.1,SC
80,31,Yadav,3.2,OBC
80,32,Kayastha,13.2,GEN
80,32,Mahishya,8.8,GEN
80,32,Muslim,1118,Muslim
80,33,Muslim,949,Muslim
80,34,Mahishya,1.555556,GEN
80,34,Muslim,1098,Muslim
80,34,Namasudra,10.44444,SC
80,35,Bagdi,0.2,SC
80,35,Mahishya,2.222222,GEN
80,35,Muslim,935,Muslim
80,35,Namasudra,9.777778,SC
80,35,Raju,0.4,OBC
80,35,Teli,0.4,OBC
80,36,Brahmin,0.2,GEN
80,36,Mahishya,1.022222,GEN
80,36,Muslim,982,Muslim
80,36,Namasudra,0.777778,SC
80,37,Bhumij,0.6,ST
80,37,Kayastha,2,GEN
80,37,Mahishya,2.888889,GEN
80,37,Muslim,1109,Muslim
80,37,Namasudra,14.11111,SC
80,37,Paundra,0.4,SC
80,38,Barui,15,SC
80,38,Bauri,10,SC
80,38,Bhumij,105,ST
80,38,Brahmin,38.4,GEN
80,38,Kayastha,47.71579,GEN
80,38,Kumor,1.8,GEN
80,38,Mahishya,67.91111,GEN
80,38,Muslim,527,Muslim
80,38,Namasudra,177.7731,SC
80,38,Napit,1,SC
80,38,Paundra,71,SC
80,38,Purvanchali,1,GEN
80,38,Rajbongshi,10,SC
80,38,Rajput,9,GEN
80,38,Sadgope,0.2,OBC
80,38,Yadav,1.2,OBC
80,39,Bairagi,7,SC
80,39,Baniya,5.7,GEN
80,39,Brahmin,104.2,GEN
80,39,Hari,16,SC
80,39,Jele,3.2,SC
80,39,Karmakar,7,SC
80,39,Kayastha,113,GEN
80,39,Mahishya,90.53333,GEN
80,39,Mali,1,OBC
80,39,Muslim,1,Muslim
80,39,Namasudra,523.9067,SC
80,39,Napit,1.8,SC
80,39,Paundra,41.96,SC
80,39,Purvanchali,53.8,GEN
80,39,Sadgope,62.4,OBC
80,39,Sunri,13.3,SC
80,39,Yadav,187.2,OBC
80,40,Baniya,0.3,GEN
80,40,Kayastha,1,GEN
80,40,Mahishya,4,GEN
80,40,Muslim,702,Muslim
80,40,Namasudra,15,SC
80,40,Sunri,0.7,SC
80,41,Mahishya,0.222222,GEN
80,41,Muslim,801,Muslim
80,41,Namasudra,1.777778,SC
80,42,Bagdi,7,SC
80,42,Barui,31,SC
80,42,Bauri,13,SC
80,42,Brahmin,159.47,GEN
80,42,Kayastha,92.71579,GEN
80,42,Kumor,2.4,GEN
80,42,Mahishya,73.24444,GEN
80,42,Nai,2,OBC
80,42,Namasudra,281.3398,SC
80,42,Paundra,5,SC
80,42,Purvanchali,17.2,GEN
80,42,Rajbongshi,21.5,SC
80,42,Yadav,0.4,OBC
80,42,baishya,15.73,GEN
80,43,Barui,22,SC
80,43,Bauri,15,SC
80,43,Brahmin,144.62,GEN
80,43,Jele,1.8,SC
80,43,Kayastha,131.1947,GEN
80,43,Mahishya,112.7,GEN
80,43,Muslim,3,Muslim
80,43,Namasudra,593.2053,SC
80,43,Purvanchali,1,GEN
80,43,Rajbongshi,22,SC
80,43,Rajput,3,GEN
80,43,baishya,12.48,GEN
80,44,Baniya,4.2,GEN
80,44,Barui,1,SC
80,44,Bauri,9,SC
80,44,Bhumij,2.4,ST
80,44,Brahmin,141.17,GEN
80,44,Dhobi,5,SC
80,44,Hari,5,SC
80,44,Jele,2.6,SC
80,44,Kahar,2,SC
80,44,Karmakar,18,SC
80,44,Kayastha,128.1,GEN
80,44,Mahishya,82.77778,GEN
80,44,Muslim,19,Muslim
80,44,Nai,1,OBC
80,44,Namasudra,405.9822,SC
80,44,Napit,4.2,SC
80,44,Oraon,1,ST
80,44,Paundra,14.04,SC
80,44,Purvanchali,11,GEN
80,44,Rajbongshi,19,SC
80,44,Rajput,2,GEN
80,44,Sadgope,22.8,OBC
80,44,Sunri,9.8,SC
80,44,Tanti,1.6,OBC
80,44,Teli,2.8,OBC
80,44,Yadav,68.4,OBC
80,44,baishya,0.13,GEN
80,45,Brahmin,3,GEN
80,45,Kayastha,4.4,GEN
80,45,Mahishya,1.688889,GEN
80,45,Muslim,815,Muslim
80,45,Namasudra,3.111111,SC
80,45,Purvanchali,2,GEN
80,45,Sadgope,0.2,OBC
80,45,Yadav,0.6,OBC
80,46,Karki,1,ST
80,46,Kayastha,1,GEN
80,46,Muslim,927,Muslim
80,47,Brahmin,2,GEN
80,47,Kayastha,1,GEN
80,47,Muslim,648,Muslim
80,47,Rajbongshi,62,SC
80,47,Tanti,8,OBC
80,48,Kayastha,0.4,GEN
80,48,Kumor,1.2,GEN
80,48,Mal,5,SC
80,48,Muslim,1147,Muslim
80,48,Yadav,0.4,OBC
80,49,Kayastha,15.6,GEN
80,49,Mahishya,0.4,GEN
80,49,Muslim,585,Muslim
80,50,Muslim,625,Muslim
80,51,Bagdi,5,SC
80,51,Baniya,6.9,GEN
80,51,Brahmin,21,GEN
80,51,Karmakar,6,SC
80,51,Kayastha,138.7,GEN
80,51,Mahishya,89.73333,GEN
80,51,Muslim,192,Muslim
80,51,Namasudra,124.3267,SC
80,51,Paundra,22.84,SC
80,51,Purvanchali,10,GEN
80,51,Sadgope,6.6,OBC
80,51,Sunri,16.1,SC
80,51,Yadav,19.8,OBC
80,52,Kayastha,7.8,GEN
80,52,Mahishya,2.933333,GEN
80,52,Muslim,729,Muslim
80,52,Namasudra,9.666667,SC
80,52,Sadgope,0.4,OBC
80,52,Yadav,1.2,OBC
80,53,Baniya,1.2,GEN
80,53,Brahmin,5,GEN
80,53,Kayastha,17.6,GEN
80,53,Kumor,1.8,GEN
80,53,Mahishya,8.666667,GEN
80,53,Muslim,770,Muslim
80,53,Namasudra,13.09333,SC
80,53,Paundra,0.24,SC
80,53,Sadgope,5.8,OBC
80,53,Sunri,2.8,SC
80,53,Yadav,17.8,OBC
80,54,Bagdi,4,SC
80,54,Brahmin,9.6,GEN
80,54,Karmakar,17,SC
80,54,Kayastha,85.8,GEN
80,54,Kumor,18,GEN
80,54,Mahishya,3.2,GEN
80,54,Muslim,233,Muslim
80,54,Namasudra,6.6,SC
80,54,Napit,0.6,SC
80,54,Paundra,1.4,SC
80,54,Purvanchali,35,GEN
80,54,Rajbongshi,4,SC
80,54,Raju,2,OBC
80,54,Sadgope,40.8,OBC
80,54,Tanti,16.8,OBC
80,54,Teli,2,OBC
80,54,Yadav,128.2,OBC
80,55,Baniya,1.8,GEN
80,55,Brahmin,6,GEN
80,55,Dhobi,15,SC
80,55,Hari,18,SC
80,55,Karmakar,1,SC
80,55,Kayastha,3.6,GEN
80,55,Mahishya,0.222222,GEN
80,55,Muslim,490,Muslim
80,55,Namasudra,65.05778,SC
80,55,Paundra,26.22,SC
80,55,Purvanchali,5,GEN
80,55,Rajbongshi,0.5,SC
80,55,Sadgope,0.6,OBC
80,55,Sunri,4.2,SC
80,55,Yadav,1.8,OBC
80,56,Brahmin,0.5,GEN
80,56,Hari,3,SC
80,56,Kayastha,4.2,GEN
80,56,Mahishya,1.555556,GEN
80,56,Muslim,522,Muslim
80,56,Namasudra,24.36444,SC
80,56,Paundra,8.08,SC
80,56,Purvanchali,5.8,GEN
80,56,Rajbongshi,1.5,SC
80,57,Baniya,3,GEN
80,57,Kayastha,10.7,GEN
80,57,Mahishya,3.011111,GEN
80,57,Marwari,1.2,GEN
80,57,Muslim,893,Muslim
80,57,Namasudra,8.888889,SC
80,57,Purvanchali,1.2,GEN
80,57,Sunri,7,SC
80,58,Brahmin,3,GEN
80,58,Kayastha,0.6,GEN
80,58,Mahishya,2.4,GEN
80,58,Muslim,588,Muslim
80,58,Namasudra,1,SC
80,58,Rajbongshi,1,SC
80,59,Bhumij,22.2,ST
80,59,Brahmin,35.97,GEN
80,59,Hari,13,SC
80,59,Kayastha,43.1,GEN
80,59,Mahishya,26.44444,GEN
80,59,Muslim,319,Muslim
80,59,Namasudra,130.6156,SC
80,59,Paundra,39.84,SC
80,59,Purvanchali,7,GEN
80,59,Rajbongshi,0.5,SC
80,59,Sadgope,30.2,OBC
80,59,Tanti,130.4,OBC
80,59,Yadav,90.6,OBC
80,59,baishya,0.13,GEN
80,60,Baniya,4,GEN
80,60,Brahmin,3.5,GEN
80,60,Karmakar,12,SC
80,60,Kayastha,26.7,GEN
80,60,Mahishya,54.4,GEN
80,60,Muslim,865,Muslim
80,60,Namasudra,222.06,SC
80,60,Paundra,0.24,SC
80,60,Purvanchali,1.5,GEN
80,60,Sadgope,3.4,OBC
80,60,Tanti,4,OBC
80,60,Yadav,10.2,OBC
80,61,Bhumij,0.6,ST
80,61,Hadi,1,SC
80,61,Karmakar,11,SC
80,61,Kayastha,21.7,GEN
80,61,Mahishya,9.344444,GEN
80,61,Muslim,946,Muslim
80,61,Namasudra,68.49556,SC
80,61,Paundra,7.46,SC
80,61,Purvanchali,10,GEN
80,61,Sadgope,5.6,OBC
80,61,Yadav,16.8,OBC
80,62,Kayastha,2.1,GEN
80,62,Mahishya,3.955556,GEN
80,62,Muslim,750,Muslim
80,62,Namasudra,31.94444,SC
80,63,Kayastha,0.5,GEN
80,63,Mahishya,4.444444,GEN
80,63,Muslim,569,Muslim
80,63,Namasudra,17.05556,SC
80,64,Muslim,625,Muslim
80,65,Hadi,1,SC
80,65,Mahishya,4.444444,GEN
80,65,Muslim,764,Muslim
80,65,Namasudra,38.07556,SC
80,65,Paundra,0.48,SC
80,66,Mahishya,9.927778,GEN
80,66,Muslim,854,Muslim
80,66,Namasudra,86.62222,SC
80,66,Paundra,0.45,SC
80,67,Baniya,1.2,GEN
80,67,Kayastha,110.6,GEN
80,67,Mahishya,73.95556,GEN
80,67,Muslim,445,Muslim
80,67,Namasudra,22.44444,SC
80,67,Purvanchali,19,GEN
80,67,Sunri,2.8,SC
80,68,Kayastha,2.4,GEN
80,68,Mahishya,1.6,GEN
80,68,Muslim,664,Muslim
80,68,Namasudra,2,SC
80,69,Bagdi,2.4,SC
80,69,Baniya,10.2,GEN
80,69,Bhumij,10.8,ST
80,69,Brahmin,173.8,GEN
80,69,Dhobi,30,SC
80,69,Hari,14,SC
80,69,Jele,2.6,SC
80,69,Karmakar,20,SC
80,69,Kayastha,177.9789,GEN
80,69,Kumor,4.8,GEN
80,69,Mahishya,38.4,GEN
80,69,Marwari,0.4,GEN
80,69,Muslim,24,Muslim
80,69,Namasudra,153.2211,SC
80,69,Napit,6.6,SC
80,69,Paundra,15.2,SC
80,69,Purvanchali,17.1,GEN
80,69,Rajbongshi,15.5,SC
80,69,Sadgope,23.6,OBC
80,69,Santhal,3,ST
80,69,Sunri,56.3,SC
80,69,Tanti,31.2,OBC
80,69,Teli,32.5,OBC
80,69,Yadav,72.4,OBC
80,70,Baniya,6,GEN
80,70,Bhumij,12,ST
80,70,Brahmin,12.6,GEN
80,70,Dhobi,6,SC
80,70,Hari,1,SC
80,70,Kayastha,5.7,GEN
80,70,Mahishya,1.511111,GEN
80,70,Muslim,856,Muslim
80,70,Namasudra,19.18889,SC
80,70,Paundra,8,SC
80,70,Rajbongshi,5,SC
80,70,Sadgope,1,OBC
80,70,Sunri,14,SC
80,70,Yadav,3,OBC
80,71,Bagdi,14.4,SC
80,71,Bhumij,10.2,ST
80,71,Brahmin,17.8,GEN
80,71,Dhobi,3,SC
80,71,Jele,5.4,SC
80,71,Karmakar,22,SC
80,71,Kayastha,106.5,GEN
80,71,Kumor,30.6,GEN
80,71,Mahishya,42.33333,GEN
80,71,Marwari,0.4,GEN
80,71,Muslim,113,Muslim
80,71,Namasudra,93.26667,SC
80,71,Napit,1.8,SC
80,71,Paundra,16.8,SC
80,71,Purvanchali,20.8,GEN
80,71,Rajbongshi,13.5,SC
80,71,Sadgope,18,OBC
80,71,Sutradhar,15,OBC
80,71,Tanti,0.8,OBC
80,71,Yadav,63.4,OBC
80,72,Bagdi,6,SC
80,72,Baniya,4.5,GEN
80,72,Bhumij,271.4,ST
80,72,Brahmin,2,GEN
80,72,Hari,26,SC
80,72,Jele,3,SC
80,72,Kayastha,7.789474,GEN
80,72,Mahishya,2.8,GEN
80,72,Muslim,8,Muslim
80,72,Namasudra,48.01053,SC
80,72,Paundra,191.4,SC
80,72,Purvanchali,3.2,GEN
80,72,Sadgope,0.4,OBC
80,72,Santhal,1,ST
80,72,Sunri,10.5,SC
80,72,Tanti,0.8,OBC
80,72,Yadav,1.2,OBC
80,73,Baniya,27.3,GEN
80,73,Brahmin,50,GEN
80,73,Dhobi,33,SC
80,73,Hari,5,SC
80,73,Jele,11.8,SC
80,73,Karmakar,31,SC
80,73,Kayastha,71.67895,GEN
80,73,Kumor,14.4,GEN
80,73,Mahishya,21.57778,GEN
80,73,Marwari,1,GEN
80,73,Muslim,285,Muslim
80,73,Nai,5,OBC
80,73,Namasudra,115.0633,SC
80,73,Napit,0.4,SC
80,73,Paundra,5.98,SC
80,73,Purvanchali,15,GEN
80,73,Rajbongshi,2.5,SC
80,73,Raju,0.6,OBC
80,73,Sadgope,4.2,OBC
80,73,Santhal,2,ST
80,73,Sunri,56.2,SC
80,73,Tanti,4,OBC
80,73,Teli,6.5,OBC
80,73,Yadav,16.8,OBC
80,74,Jele,1.6,SC
80,74,Karmakar,5,SC
80,74,Kayastha,8.8,GEN
80,74,Mahishya,1.333333,GEN
80,74,Muslim,1028,Muslim
80,74,Namasudra,14.46667,SC
80,74,Purvanchali,4,GEN
80,74,Sadgope,3.8,OBC
80,74,Teli,0.6,OBC
80,74,Yadav,11.4,OBC
80,75,Baniya,1.1,GEN
80,75,Brahmin,0.5,GEN
80,75,Kayastha,1,GEN
80,75,Mahishya,1.111111,GEN
80,75,Muslim,432,Muslim
80,75,Namasudra,5.888889,SC
80,75,Purvanchali,1,GEN
80,75,Sunri,1.4,SC
80,76,Kayastha,0.1,GEN
80,76,Mahishya,1.288889,GEN
80,76,Muslim,1055,Muslim
80,76,Namasudra,9.611111,SC
80,77,Mahishya,0.444444,GEN
80,77,Muslim,649,Muslim
80,77,Namasudra,3.555556,SC
80,78,Kayastha,0.6,GEN
80,78,Mahishya,3.288889,GEN
80,78,Muslim,527,Muslim
80,78,Namasudra,7.111111,SC
80,79,Muslim,648,Muslim
80,80,Hari,48,SC
80,80,Kayastha,153.9,GEN
80,80,Mahishya,74.48889,GEN
80,80,Muslim,2,Muslim
80,80,Namasudra,163.2111,SC
80,80,Napit,0.6,SC
80,80,Paundra,29.4,SC
80,80,Rajbongshi,111,SC
80,80,Sadgope,101.6,OBC
80,80,Yadav,304.8,OBC
80,81,Hari,2,SC
80,81,Kayastha,1.2,GEN
80,81,Mahishya,0.4,GEN
80,81,Muslim,450,Muslim
80,81,Sadgope,0.6,OBC
80,81,Yadav,1.8,OBC
80,82,Kayastha,28.8,GEN
80,82,Mahishya,54.62222,GEN
80,82,Muslim,630,Muslim
80,82,Namasudra,168.3778,SC
80,82,Napit,1.2,SC
80,82,Paundra,0.8,SC
80,82,Purvanchali,8,GEN
80,82,Rajbongshi,157,SC
80,82,Sadgope,13.8,OBC
80,82,Yadav,41.4,OBC
80,83,Bairagi,2,SC
80,83,Baniya,1,GEN
80,83,Brahmin,6,GEN
80,83,Hari,2,SC
80,83,Karmakar,33,SC
80,83,Kayastha,59.6,GEN
80,83,Mahishya,11.64444,GEN
80,83,Muslim,311,Muslim
80,83,Namasudra,33.55556,SC
80,83,Napit,1.2,SC
80,83,Paundra,1.8,SC
80,83,Purvanchali,6,GEN
80,83,Sadgope,29.8,OBC
80,83,Yadav,89.4,OBC
80,84,Bagdi,5.4,SC
80,84,Bhumij,1.2,ST
80,84,Brahmin,7.6,GEN
80,84,Hari,23,SC
80,84,Kayastha,7.8,GEN
80,84,Mahishya,0.844444,GEN
80,84,Muslim,636,Muslim
80,84,Namasudra,7.555556,SC
80,84,Paundra,5.6,SC
80,84,Purvanchali,2.8,GEN
80,84,Sadgope,0.8,OBC
80,84,Yadav,2.4,OBC
80,85,Mahishya,0.222222,GEN
80,85,Muslim,708,Muslim
80,85,Namasudra,0.777778,SC
80,86,Bhumij,0.3,ST
80,86,Brahmin,2,GEN
80,86,Hari,41,SC
80,86,Kayastha,0.3,GEN
80,86,Muslim,676,Muslim
80,86,Namasudra,3.04,SC
80,86,Paundra,17.96,SC
80,86,Purvanchali,0.6,GEN
80,86,Sadgope,0.2,OBC
80,86,Yadav,0.6,OBC
80,87,Bagdi,0.6,SC
80,87,Baniya,0.9,GEN
80,87,Bhumij,0.6,ST
80,87,Kayastha,13.98947,GEN
80,87,Kumor,27,GEN
80,87,Mahishya,30.08889,GEN
80,87,Muslim,452,Muslim
80,87,Namasudra,334.2816,SC
80,87,Paundra,54.84,SC
80,87,Purvanchali,119,GEN
80,87,Rajbongshi,2,SC
80,87,Sadgope,0.6,OBC
80,87,Sunri,2.1,SC
80,87,Yadav,10,OBC
80,88,Bagdi,0.6,SC
80,88,Hari,13,SC
80,88,Kayastha,9,GEN
80,88,Mahishya,7.2,GEN
80,88,Muslim,659,Muslim
80,88,Namasudra,8.95,SC
80,88,Paundra,0.4,SC
80,88,Sadgope,0.6,OBC
80,88,Yadav,1.8,OBC
80,88,baishya,0.45,GEN
80,89,Bagdi,7.2,SC
80,89,Bhumij,0.6,ST
80,89,Brahmin,1.2,GEN
80,89,Hari,195,SC
80,89,Kayastha,98.02632,GEN
80,89,Mahishya,45.48889,GEN
80,89,Muslim,205,Muslim
80,89,Namasudra,36.9848,SC
80,89,Napit,2.4,SC
80,89,Paundra,62.8,SC
80,89,Purvanchali,1.7,GEN
80,89,Sadgope,3.4,OBC
80,89,Yadav,10.2,OBC
80,90,Mahishya,0.222222,GEN
80,90,Muslim,789,Muslim
80,90,Namasudra,0.777778,SC
80,91,Mahishya,2,GEN
80,91,Muslim,405,Muslim
80,91,Namasudra,15,SC
80,92,Mahishya,2.444444,GEN
80,92,Muslim,570,Muslim
80,92,Namasudra,11.55556,SC
80,93,Mahishya,0.444444,GEN
80,93,Muslim,799,Muslim
80,93,Namasudra,1.555556,SC
80,94,Muslim,739,Muslim
80,95,Muslim,725,Muslim
80,95,Namasudra,1,SC
80,96,Kayastha,0.4,GEN
80,96,Muslim,566,Muslim
80,96,Ravidas,1,SC
80,96,Sadgope,0.4,OBC
80,96,Yadav,1.2,OBC
80,97,Mahishya,1.777778,GEN
80,97,Muslim,748,Muslim
80,97,Namasudra,11.22222,SC
80,98,Baniya,1.2,GEN
80,98,Brahmin,16.6,GEN
80,98,Hari,26,SC
80,98,Karmakar,1,SC
80,98,Kayastha,106.9,GEN
80,98,Mahishya,85.12778,GEN
80,98,Muslim,4,Muslim
80,98,Namasudra,326.7222,SC
80,98,Napit,0.6,SC
80,98,Paundra,2.85,SC
80,98,Purvanchali,0.4,GEN
80,98,Sadgope,11.2,OBC
80,98,Sunri,2.8,SC
80,98,Sutradhar,6,OBC
80,98,Yadav,33.6,OBC
80,99,Kayastha,0.6,GEN
80,99,Mahishya,0.4,GEN
80,99,Muslim,902,Muslim
80,100,Kayastha,0.863158,GEN
80,100,Mahishya,0.4,GEN
80,100,Muslim,1152,Muslim
80,100,Namasudra,1.736842,SC
80,101,Baniya,21.3,GEN
80,101,Brahmin,1,GEN
80,101,Hari,3,SC
80,101,Kayastha,69.18947,GEN
80,101,Mahishya,44,GEN
80,101,Muslim,257,Muslim
80,101,Namasudra,2.210526,SC
80,101,Paundra,4,SC
80,101,Purvanchali,11,GEN
80,101,Sadgope,2.4,OBC
80,101,Sunri,49.7,SC
80,101,Yadav,7.2,OBC
80,102,Kayastha,5,GEN
80,102,Muslim,924,Muslim
80,102,Namasudra,1,SC
80,103,Bhumij,0.6,ST
80,103,Kayastha,11.1,GEN
80,103,Muslim,912,Muslim
80,103,Namasudra,0.9,SC
80,103,Paundra,0.4,SC
80,104,Bagdi,14.8,SC
80,104,Bhumij,22.2,ST
80,104,Hari,15,SC
80,104,Kayastha,36.5,GEN
80,104,Mahishya,3.2,GEN
80,104,Muslim,901,Muslim
80,104,Namasudra,7.5,SC
80,104,Paundra,30,SC
80,104,Sadgope,34.2,OBC
80,104,Yadav,102.6,OBC
80,105,Hari,19,SC
80,105,Karmakar,3,SC
80,105,Kayastha,211.4,GEN
80,105,Mahishya,114.2222,GEN
80,105,Musahar,1,SC
80,105,Muslim,620,Muslim
80,105,Namasudra,5.777778,SC
80,105,Paundra,13,SC
80,105,Purvanchali,3,GEN
80,105,Sadgope,40.4,OBC
80,105,Yadav,121.2,OBC
80,106,Kayastha,14,GEN
80,106,Muslim,913,Muslim
80,106,Namasudra,3,SC
80,107,Baniya,11.7,GEN
80,107,Hari,17,SC
80,107,Kayastha,113.1,GEN
80,107,Mahishya,70.08889,GEN
80,107,Mal,25,SC
80,107,Marwari,2,GEN
80,107,Muslim,247,Muslim
80,107,Namasudra,173.4111,SC
80,107,Napit,0.6,SC
80,107,Paundra,6.4,SC
80,107,Purvanchali,17,GEN
80,107,Sadgope,55.6,OBC
80,107,Sunri,27.3,SC
80,107,Yadav,166.8,OBC
80,108,Baniya,0.3,GEN
80,108,Hari,13,SC
80,108,Kayastha,36.2,GEN
80,108,Mahishya,24,GEN
80,108,Mal,35,SC
80,108,Muslim,725,Muslim
80,108,Paundra,3,SC
80,108,Sadgope,0.2,OBC
80,108,Sunri,0.7,SC
80,108,Yadav,0.6,OBC
80,109,Bhumij,0.6,ST
80,109,Kayastha,4,GEN
80,109,Muslim,815,Muslim
80,109,Namasudra,2,SC
80,109,Paundra,0.4,SC
80,110,Mahishya,0.222222,GEN
80,110,Muslim,896,Muslim
80,110,Namasudra,0.777778,SC
80,111,Kayastha,3,GEN
80,111,Muslim,840,Muslim
80,111,Namasudra,1,SC
80,112,Kayastha,22,GEN
80,112,Muslim,1088,Muslim
80,112,Namasudra,3,SC
80,113,Bagdi,3.6,SC
80,113,Baniya,13.3,GEN
80,113,Bhumij,1.2,ST
80,113,Brahmin,88.8,GEN
80,113,Karmakar,4,SC
80,113,Kayastha,155.8158,GEN
80,113,Mahishya,97.6,GEN
80,113,Muslim,1,Muslim
80,113,Namasudra,300.6842,SC
80,113,Paundra,1.2,SC
80,113,Purvanchali,7.1,GEN
80,113,Rajbongshi,15,SC
80,113,Sadgope,72,OBC
80,113,Sunri,28.7,SC
80,113,Yadav,216,OBC
80,114,Bagdi,50.8,SC
80,114,Baniya,7.7,GEN
80,114,Bhumij,24.6,ST
80,114,Brahmin,6.5,GEN
80,114,Hari,8,SC
80,114,Karmakar,8,SC
80,114,Kayastha,113.2,GEN
80,114,Mahishya,41.11111,GEN
80,114,Marwari,42,GEN
80,114,Muslim,645,Muslim
80,114,Namasudra,36.78889,SC
80,114,Paundra,27.6,SC
80,114,Purvanchali,23,GEN
80,114,Rajbongshi,17.5,SC
80,114,Sadgope,8.6,OBC
80,114,Sunri,3.8,SC
80,114,Yadav,25.8,OBC
80,115,Brahmin,57.6,GEN
80,115,Kayastha,256,GEN
80,115,Kumor,0.6,GEN
80,115,Mahishya,83.56667,GEN
80,115,Muslim,628,Muslim
80,115,Namasudra,32.03333,SC
80,115,Napit,1.2,SC
80,115,Paundra,0.8,SC
80,115,Rajbongshi,1,SC
80,115,Sadgope,1,OBC
80,115,Sunri,7,SC
80,115,Sutradhar,5,OBC
80,115,Teli,7,OBC
80,115,Yadav,3.2,OBC
80,116,Brahmin,26.4,GEN
80,116,Hari,14,SC
80,116,Kayastha,45.95789,GEN
80,116,Mahishya,45.42222,GEN
80,116,Namasudra,420.6199,SC
80,116,Paundra,72,SC
80,116,Purvanchali,18.6,GEN
80,116,Rajbongshi,2,SC
80,117,Bhumij,3,ST
80,117,Brahmin,2,GEN
80,117,Hari,1,SC
80,117,Kayastha,96.94211,GEN
80,117,Kumor,34.2,GEN
80,117,Mahishya,18.04444,GEN
80,117,Muslim,231,Muslim
80,117,Nai,1,OBC
80,117,Namasudra,57.11345,SC
80,117,Paundra,2,SC
80,117,Purvanchali,238.5,GEN
80,117,Sadgope,5,OBC
80,117,Sunri,0.5,SC
80,117,Teli,0.5,OBC
80,117,Yadav,26.2,OBC
80,118,Baniya,3.9,GEN
80,118,Brahmin,31.8,GEN
80,118,Hari,30,SC
80,118,Kayastha,61.4,GEN
80,118,Mahishya,8.977778,GEN
80,118,Namasudra,24.12222,SC
80,118,Paundra,24,SC
80,118,Purvanchali,60.5,GEN
80,118,Rajbongshi,100,SC
80,118,Sadgope,53.8,OBC
80,118,Sunri,9.1,SC
80,118,Yadav,161.4,OBC
80,119,Baniya,0.3,GEN
80,119,Brahmin,37.7,GEN
80,119,Hari,2,SC
80,119,Kayastha,17.36316,GEN
80,119,Mahishya,26.17778,GEN
80,119,Muslim,1,Muslim
80,119,Namasudra,103.9591,SC
80,119,Paundra,3,SC
80,119,Purvanchali,374.8,GEN
80,119,Rajbongshi,80,SC
80,119,Sadgope,6,OBC
80,119,Sunri,0.7,SC
80,119,Yadav,18,OBC
80,120,Baniya,5.1,GEN
80,120,Brahmin,31.6,GEN
80,120,Hari,8,SC
80,120,Kayastha,225.4,GEN
80,120,Kumor,6,GEN
80,120,Mahishya,112.8,GEN
80,120,Marwari,0.8,GEN
80,120,Muslim,73,Muslim
80,120,Namasudra,19,SC
80,120,Odiya,1,GEN
80,120,Paundra,4,SC
80,120,Purvanchali,130.8,GEN
80,120,Rajbongshi,170,SC
80,120,Sadgope,49.8,OBC
80,120,Sunri,11.9,SC
80,120,Sutradhar,1,OBC
80,120,Tanti,2.4,OBC
80,120,Yadav,151.4,OBC
80,121,Baniya,4.8,GEN
80,121,Brahmin,59.5,GEN
80,121,Karmakar,28,SC
80,121,Kayastha,90.2,GEN
80,121,Kumor,13.2,GEN
80,121,Mahishya,75.42222,GEN
80,121,Muslim,65,Muslim
80,121,Namasudra,171.7778,SC
80,121,Purvanchali,293.5,GEN
80,121,Rajbongshi,3,SC
80,121,Sadgope,14,OBC
80,121,Sunri,11.2,SC
80,121,Yadav,46.4,OBC
80,122,Bagdi,16.2,SC
80,122,Baniya,14.4,GEN
80,122,Brahmin,38.2,GEN
80,122,Hari,61,SC
80,122,Kayastha,94.76316,GEN
80,122,Kumor,0.6,GEN
80,122,Mahishya,23.28889,GEN
80,122,Muslim,350,Muslim
80,122,Namasudra,92.90795,SC
80,122,Napit,1.2,SC
80,122,Other ST,96,ST
80,122,Paundra,55.84,SC
80,122,Purvanchali,17,GEN
80,122,Sunri,33.6,SC
80,123,Bagdi,17,SC
80,123,Baniya,0.6,GEN
80,123,Bhumij,0.6,ST
80,123,Brahmin,93,GEN
80,123,Dhobi,5,SC
80,123,Karmakar,7,SC
80,123,Kayastha,126.3632,GEN
80,123,Kumor,12,GEN
80,123,Mahishya,42.44444,GEN
80,123,Marwari,1.4,GEN
80,123,Namasudra,207.2324,SC
80,123,Other ST,2,ST
80,123,Paundra,10.26,SC
80,123,Purvanchali,44.2,GEN
80,123,Rajbongshi,7.5,SC
80,123,Raju,3.6,OBC
80,123,Sadgope,31.2,OBC
80,123,Sunri,8.9,SC
80,123,Teli,11.3,OBC
80,123,Yadav,97.4,OBC
80,124,Bagdi,10.4,SC
80,124,Baniya,49.9,GEN
80,124,Bene,1,GEN
80,124,Bhumij,1.8,ST
80,124,Brahmin,31.9,GEN
80,124,Hari,1,SC
80,124,Karmakar,9,SC
80,124,Kayastha,114.95,GEN
80,124,Kumor,9,GEN
80,124,Mahishya,63.24444,GEN
80,124,Namasudra,95.43556,SC
80,124,Napit,1.8,SC
80,124,Paundra,13.42,SC
80,124,Purvanchali,10.15,GEN
80,124,Rajbongshi,18.5,SC
80,124,Raju,0.8,OBC
80,124,Sadgope,14.8,OBC
80,124,Sunri,3.6,SC
80,124,Sutradhar,2,OBC
80,124,Tanti,1.6,OBC
80,124,Teli,2.7,OBC
80,124,Yadav,47,OBC
80,125,Bagdi,4.8,SC
80,125,Baniya,35.6,GEN
80,125,Brahmin,26,GEN
80,125,Hari,27,SC
80,125,Jele,8.4,SC
80,125,Kayastha,193.7,GEN
80,125,Kumor,221.4,GEN
80,125,Mahishya,32.9,GEN
80,125,Namasudra,68.2,SC
80,125,Paundra,21.2,SC
80,125,Purvanchali,3,GEN
80,125,Rajbongshi,3,SC
80,125,Sunri,1.9,SC
80,125,Sutradhar,1,OBC
80,125,Teli,0.5,OBC
80,125,Yadav,71.4,OBC
80,126,Bagdi,18,SC
80,126,Baniya,9.3,GEN
80,126,Brahmin,58.1,GEN
80,126,Hari,4,SC
80,126,Kayastha,356.5,GEN
80,126,Kumor,17.4,GEN
80,126,Mahishya,240.5333,GEN
80,126,Namasudra,206.8867,SC
80,126,Napit,1.8,SC
80,126,Paundra,8.88,SC
80,126,Purvanchali,7.6,GEN
80,126,Rajbongshi,18.5,SC
80,126,Sadgope,16,OBC
80,126,Sunri,21.7,SC
80,126,Sutradhar,6,OBC
80,126,Yadav,53.8,OBC
80,127,Baniya,3.3,GEN
80,127,Brahmin,9.9,GEN
80,127,Karmakar,36,SC
80,127,Kayastha,91.45263,GEN
80,127,Mahishya,48.17778,GEN
80,127,Namasudra,308.2696,SC
80,127,Napit,1.2,SC
80,127,Paundra,0.8,SC
80,127,Purvanchali,7.3,GEN
80,127,Rajbongshi,0.5,SC
80,127,Sadgope,11.6,OBC
80,127,Sunri,7.7,SC
80,127,Yadav,34.8,OBC
80,128,Bagdi,3.6,SC
80,128,Kayastha,202.2,GEN
80,128,Mahishya,127.6889,GEN
80,128,Muslim,653,Muslim
80,128,Namasudra,8.111111,SC
80,128,Paundra,2.4,SC
80,129,Bagdi,7.6,SC
80,129,Baniya,22.8,GEN
80,129,Brahmin,1.8,GEN
80,129,Karmakar,7,SC
80,129,Kayastha,72.34211,GEN
80,129,Mahishya,40.26667,GEN
80,129,Muslim,1,Muslim
80,129,Namasudra,128.8912,SC
80,129,Paundra,4.4,SC
80,129,Purvanchali,203.2,GEN
80,129,Rajbongshi,1.5,SC
80,129,Sadgope,29,OBC
80,129,Sunri,53.2,SC
80,129,Yadav,87,OBC
80,130,Baniya,26.2,GEN
80,130,Bhumij,4.8,ST
80,130,Brahmin,60.8,GEN
80,130,Hari,2,SC
80,130,Jele,1.8,SC
80,130,Kayastha,111.8,GEN
80,130,Mahishya,50.8,GEN
80,130,Muslim,1,Muslim
80,130,Namasudra,147.66,SC
80,130,Paundra,8.44,SC
80,130,Purvanchali,3,GEN
80,130,Rajbongshi,4.5,SC
80,130,Sadgope,16.6,OBC
80,130,Sunri,44.8,SC
80,130,Yadav,49.8,OBC
80,130,baishya,2,GEN
80,131,Baniya,25,GEN
80,131,Brahmin,13.5,GEN
80,131,Hari,8,SC
80,131,Kayastha,226.6632,GEN
80,131,Kumor,2.4,GEN
80,131,Mahishya,147.3,GEN
80,131,Muslim,200,Muslim
80,131,Namasudra,5.456842,SC
80,131,Paundra,5.48,SC
80,131,Purvanchali,10,GEN
80,131,Sadgope,2.6,OBC
80,131,Sunri,2.5,SC
80,131,Teli,2.5,OBC
80,131,Yadav,8.6,OBC
80,132,Mahishya,3.111111,GEN
80,132,Muslim,876,Muslim
80,132,Namasudra,25.88889,SC
80,133,Kayastha,0.6,GEN
80,133,Mahishya,1.066667,GEN
80,133,Muslim,601,Muslim
80,133,Namasudra,12.33333,SC
80,134,Brahmin,0.4,GEN
80,134,Hari,2,SC
80,134,Kayastha,105.9,GEN
80,134,Mahishya,33.02222,GEN
80,134,Muslim,232,Muslim
80,134,Namasudra,2.877778,SC
80,134,Purvanchali,2,GEN
80,134,Sadgope,55.2,OBC
80,134,Santhal,32,ST
80,134,Yadav,165.6,OBC
80,135,Kayastha,66,GEN
80,135,Mahishya,43.06667,GEN
80,135,Muslim,671,Muslim
80,135,Namasudra,12.33333,SC
80,135,Sadgope,2.4,OBC
80,135,Yadav,7.2,OBC
80,136,Mahishya,3.333333,GEN
80,136,Muslim,922,Muslim
80,136,Namasudra,14.66667,SC
80,137,Brahmin,40,GEN
80,137,Dhobi,1,SC
80,137,Hari,1,SC
80,137,Kayastha,129.5,GEN
80,137,Kumor,0.6,GEN
80,137,Mahishya,97.7,GEN
80,137,Namasudra,205.64,SC
80,137,Paundra,1.96,SC
80,137,Rajbongshi,116,SC
80,137,Sadgope,31.6,OBC
80,137,Sutradhar,6,OBC
80,137,Yadav,95,OBC
80,138,Bhumij,0.9,ST
80,138,Brahmin,54,GEN
80,138,Chik Baraik,3,ST
80,138,Hari,1,SC
80,138,Kayastha,56.9,GEN
80,138,Kumor,4.8,GEN
80,138,Mahishya,53.12222,GEN
80,138,Muslim,1,Muslim
80,138,Namasudra,249.4578,SC
80,138,Napit,1.2,SC
80,138,Paundra,6.12,SC
80,138,Purvanchali,3.8,GEN
80,138,Rajbongshi,39.5,SC
80,138,Ravidas,4,SC
80,138,Sadgope,4.4,OBC
80,138,Yadav,14.8,OBC
80,139,Brahmin,40,GEN
80,139,Hari,123,SC
80,139,Karmakar,6,SC
80,139,Kayastha,72.45263,GEN
80,139,Kumor,37.8,GEN
80,139,Mahishya,59.06667,GEN
80,139,Muslim,4,Muslim
80,139,Namasudra,183.0607,SC
80,139,Paundra,89.22,SC
80,139,Purvanchali,68,GEN
80,139,Rajbongshi,36,SC
80,139,Sadgope,2.6,OBC
80,139,Yadav,17.8,OBC
80,140,Baniya,2,GEN
80,140,Brahmin,0.2,GEN
80,140,Kayastha,81,GEN
80,140,Mahishya,55.11111,GEN
80,140,Muslim,1041,Muslim
80,140,Namasudra,9.168889,SC
80,140,Paundra,0.72,SC
80,140,Tanti,0.8,OBC
80,141,Hari,2,SC
80,141,Jele,0.2,SC
80,141,Kayastha,0.7,GEN
80,141,Mahishya,1.244444,GEN
80,141,Muslim,688,Muslim
80,141,Namasudra,13.73556,SC
80,141,Paundra,3.12,SC
80,141,Purvanchali,2,GEN
80,141,Rajbongshi,1,SC
80,142,Hari,11,SC
80,142,Jele,9,SC
80,142,Karmakar,9,SC
80,142,Kayastha,6.5,GEN
80,142,Mahishya,23.42222,GEN
80,142,Muslim,8,Muslim
80,142,Nai,1,OBC
80,142,Namasudra,368.8378,SC
80,142,Paundra,77.24,SC
80,142,Purvanchali,6,GEN
80,142,Rajbongshi,2,SC
80,143,Mahishya,0.666667,GEN
80,143,Muslim,741,Muslim
80,143,Namasudra,2.333333,SC
80,144,Hadi,1,SC
80,144,Kayastha,0.1,GEN
80,144,Mahishya,1.733333,GEN
80,144,Muslim,1021,Muslim
80,144,Namasudra,5.166667,SC
80,145,Baniya,0.5,GEN
80,145,Brahmin,0.5,GEN
80,145,Mahishya,2,GEN
80,145,Muslim,671,Muslim
80,145,Namasudra,8,SC
80,146,Mahishya,0.222222,GEN
80,146,Muslim,678,Muslim
80,146,Namasudra,1.777778,SC
80,147,Bagdi,40.6,SC
80,147,Bedia,1,ST
80,147,Brahmin,10,GEN
80,147,Hari,2,SC
80,147,Kayastha,18.46316,GEN
80,147,Mahishya,10.62222,GEN
80,147,Muslim,785,Muslim
80,147,Namasudra,160.7146,SC
80,147,Paundra,60.6,SC
80,147,Rajbongshi,4,SC
80,148,Bagdi,46,SC
80,148,Brahmin,53.5,GEN
80,148,Hari,10,SC
80,148,Jele,0.2,SC
80,148,Kayastha,8.289474,GEN
80,148,Mahishya,20.88889,GEN
80,148,Muslim,276,Muslim
80,148,Namasudra,349.9216,SC
80,148,Paundra,118.2,SC
80,148,Purvanchali,2,GEN
80,148,Rajbongshi,5,SC
80,149,Baniya,21.6,GEN
80,149,Bhumij,2.4,ST
80,149,Brahmin,6,GEN
80,149,Hari,169,SC
80,149,Kayastha,45.95263,GEN
80,149,Mahishya,29.28889,GEN
80,149,Muslim,8,Muslim
80,149,Namasudra,290.6585,SC
80,149,Paundra,161,SC
80,149,Purvanchali,34,GEN
80,149,Rajbongshi,0.5,SC
80,149,Sadgope,20.8,OBC
80,149,Sunri,50.4,SC
80,149,Yadav,62.4,OBC
80,150,Hari,27,SC
80,150,Karki,2,ST
80,150,Mahishya,0.888889,GEN
80,150,Muslim,1047,Muslim
80,150,Namasudra,7.111111,SC
80,150,Paundra,8,SC
80,151,Brahmin,42.5,GEN
80,151,Hari,2,SC
80,151,Kayastha,32.27368,GEN
80,151,Mahishya,53.08889,GEN
80,151,Muslim,1,Muslim
80,151,Namasudra,314.8174,SC
80,151,Napit,0.6,SC
80,151,Paundra,9.72,SC
80,151,Purvanchali,42,GEN
80,151,Sadgope,6,OBC
80,151,Santhal,2,ST
80,151,Yadav,18,OBC
80,152,Brahmin,10,GEN
80,152,Dhobi,8,SC
80,152,Hari,25,SC
80,152,Kayastha,125.6,GEN
80,152,Mahishya,115.2,GEN
80,152,Namasudra,570.02,SC
80,152,Napit,0.6,SC
80,152,Paundra,65.58,SC
80,152,Purvanchali,29,GEN
80,152,Sadgope,1,OBC
80,152,Yadav,3,OBC
80,153,Brahmin,12,GEN
80,153,Dhobi,41,SC
80,153,Hari,1,SC
80,153,Kayastha,42.23158,GEN
80,153,Kumor,7.2,GEN
80,153,Mahishya,27.54444,GEN
80,153,Muslim,725,Muslim
80,153,Namasudra,83.46398,SC
80,153,Paundra,8.96,SC
80,153,Purvanchali,8,GEN
80,153,Sadgope,14.8,OBC
80,153,Yadav,46.8,OBC
80,154,Brahmin,1,GEN
80,154,Hari,6,SC
80,154,Kayastha,53,GEN
80,154,Mahishya,28,GEN
80,154,Muslim,622,Muslim
80,154,Namasudra,2,SC
80,155,Kayastha,2.1,GEN
80,155,Mahishya,2.177778,GEN
80,155,Muslim,784,Muslim
80,155,Namasudra,16.72222,SC
80,156,Muslim,911,Muslim
80,156,Purvanchali,5,GEN
80,157,Kayastha,3.6,GEN
80,157,Mahishya,4.4,GEN
80,157,Muslim,607,Muslim
80,157,Namasudra,16,SC
80,158,Kayastha,0.6,GEN
80,158,Mahishya,0.4,GEN
80,158,Muslim,587,Muslim
80,159,Baniya,2.7,GEN
80,159,Kayastha,25.6,GEN
80,159,Mahishya,14.88889,GEN
80,159,Muslim,560,Muslim
80,159,Namasudra,9.111111,SC
80,159,Rajbongshi,12,SC
80,159,Sadgope,4.6,OBC
80,159,Sunri,6.3,SC
80,159,Yadav,13.8,OBC
80,160,Baniya,0.6,GEN
80,160,Mahishya,0.222222,GEN
80,160,Muslim,555,Muslim
80,160,Namasudra,1.777778,SC
80,160,Sunri,1.4,SC
80,161,Kayastha,35.4,GEN
80,161,Mahishya,19.86667,GEN
80,161,Muslim,947,Muslim
80,161,Namasudra,8.733333,SC
80,162,Bagdi,0.6,SC
80,162,Mahishya,1.555556,GEN
80,162,Muslim,964,Muslim
80,162,Namasudra,6.444444,SC
80,162,Paundra,1.4,SC
80,163,Bagdi,2.4,SC
80,163,Baniya,11.4,GEN
80,163,Hari,16,SC
80,163,Karmakar,19,SC
80,163,Kayastha,45.1,GEN
80,163,Mahishya,6.8,GEN
80,163,Muslim,349,Muslim
80,163,Namasudra,12.1,SC
80,163,Napit,4.8,SC
80,163,Paundra,13.8,SC
80,163,Purvanchali,2,GEN
80,163,Rajbongshi,80,SC
80,163,Sadgope,26,OBC
80,163,Sunri,26.6,SC
80,163,Yadav,78,OBC
80,164,Bagdi,4.8,SC
80,164,Baniya,5.1,GEN
80,164,Bhumij,34.8,ST
80,164,Brahmin,47.2,GEN
80,164,Handi,2,GEN
80,164,Hari,11,SC
80,164,Karmakar,13,SC
80,164,Kayastha,160.9474,GEN
80,164,Kumor,13.8,GEN
80,164,Mahishya,70.35556,GEN
80,164,Nai,2,OBC
80,164,Namasudra,52.61708,SC
80,164,Paundra,32.88,SC
80,164,Purvanchali,4.6,GEN
80,164,Rajbongshi,38,SC
80,164,Sadgope,26,OBC
80,164,Sunri,22.9,SC
80,164,Tanti,82.4,OBC
80,164,Teli,12.6,OBC
80,164,Yadav,81,OBC
80,165,Bagdi,12,SC
80,165,Baniya,6.3,GEN
80,165,Bhumij,5.4,ST
80,165,Brahmin,108.6,GEN
80,165,Karmakar,14,SC
80,165,Kayastha,104.7579,GEN
80,165,Kumor,3.6,GEN
80,165,Mahishya,43.17778,GEN
80,165,Marwari,0.2,GEN
80,165,Nai,3,OBC
80,165,Namasudra,95.44433,SC
80,165,Napit,1.2,SC
80,165,Paundra,12.02,SC
80,165,Purvanchali,8,GEN
80,165,Rajbongshi,18,SC
80,165,Sadgope,17.6,OBC
80,165,Sonar,5,OBC
80,165,Sunri,14.7,SC
80,165,Sutradhar,5,OBC
80,165,Tanti,18.4,OBC
80,165,Yadav,53.6,OBC
80,166,Bagdi,0.6,SC
80,166,Baniya,3.9,GEN
80,166,Bhumij,4.2,ST
80,166,Brahmin,76.5,GEN
80,166,Hari,6,SC
80,166,Kayastha,158.9,GEN
80,166,Kumor,0.6,GEN
80,166,Mahishya,96.57778,GEN
80,166,Muslim,548,Muslim
80,166,Namasudra,20.74222,SC
80,166,Paundra,5.68,SC
80,166,Purvanchali,8.6,GEN
80,166,Rai,4,GEN
80,166,Rajbongshi,3,SC
80,166,Sadgope,3,OBC
80,166,Sunri,9.1,SC
80,166,Tanti,126.4,OBC
80,166,Yadav,9.2,OBC
80,167,Bagdi,61,SC
80,167,Baniya,54.9,GEN
80,167,Bauri,4,SC
80,167,Bhumij,1.5,ST
80,167,Brahmin,168.2,GEN
80,167,Dhobi,3,SC
80,167,Hari,70,SC
80,167,Jele,1.8,SC
80,167,Karmakar,24,SC
80,167,Kayastha,174.8421,GEN
80,167,Khas,1,GEN
80,167,Kumor,7.2,GEN
80,167,Mahishya,38.02222,GEN
80,167,Marwari,10,GEN
80,167,Namasudra,159.6957,SC
80,167,Paundra,41.04,SC
80,167,Purvanchali,44.8,GEN
80,167,Rai,22,GEN
80,167,Rajbongshi,47.5,SC
80,167,Sadgope,16,OBC
80,167,Sunri,72.1,SC
80,167,Sutradhar,12,OBC
80,167,Yadav,50.2,OBC
80,167,baishya,3.2,GEN
80,168,Bagdi,6.6,SC
80,168,Baniya,8.8,GEN
80,168,Bhumij,87.6,ST
80,168,Brahmin,257.4,GEN
80,168,Hari,42,SC
80,168,Karmakar,12,SC
80,168,Kayastha,202.3895,GEN
80,168,Kumor,10.2,GEN
80,168,Mahishya,89.06667,GEN
80,168,Marwari,4,GEN
80,168,Muslim,1,Muslim
80,168,Namasudra,70.46386,SC
80,168,Napit,2.8,SC
80,168,Paundra,80.88,SC
80,168,Purvanchali,14.5,GEN
80,168,Rajbongshi,19.5,SC
80,168,Sadgope,19.4,OBC
80,168,Sunri,16.7,SC
80,168,Sutradhar,9,OBC
80,168,Tanti,4,OBC
80,168,Teli,5.5,OBC
80,168,Yadav,61.2,OBC
80,169,Brahmin,6.4,GEN
80,169,Hari,3,SC
80,169,Karmakar,1,SC
80,169,Kayastha,18.3,GEN
80,169,Mahishya,3.422222,GEN
80,169,Muslim,480,Muslim
80,169,Namasudra,11.67778,SC
80,169,Paundra,2,SC
80,169,Purvanchali,97,GEN
80,169,Rajbongshi,1,SC
80,169,Sadgope,0.4,OBC
80,169,Tanti,17.6,OBC
80,169,Yadav,1.2,OBC
80,170,Bagdi,8.6,SC
80,170,Bairagi,2,SC
80,170,Baniya,8.4,GEN
80,170,Bhumij,97,ST
80,170,Brahmin,95,GEN
80,170,Hari,15,SC
80,170,Kayastha,133.1553,GEN
80,170,Kumor,72,GEN
80,170,Mahishya,33.6,GEN
80,170,Namasudra,73.19474,SC
80,170,Napit,1.8,SC
80,170,Paundra,74,SC
80,170,Purvanchali,18.75,GEN
80,170,Rajbongshi,5.5,SC
80,170,Sunri,26.1,SC
80,170,Sutradhar,38,OBC
80,170,Teli,6.5,OBC
80,170,Yadav,21.4,OBC
80,171,Bagdi,11,SC
80,171,Baniya,7.2,GEN
80,171,Bhumij,68.4,ST
80,171,Brahmin,108.6,GEN
80,171,Hari,18,SC
80,171,Karmakar,31,SC
80,171,Kayastha,226.3789,GEN
80,171,Kumor,18,GEN
80,171,Mahishya,76.23333,GEN
80,171,Muslim,3,Muslim
80,171,Namasudra,264.2077,SC
80,171,Napit,3,SC
80,171,Paundra,78.18,SC
80,171,Purvanchali,15,GEN
80,171,Rajbongshi,7,SC
80,171,Sadgope,39.2,OBC
80,171,Sunri,17.3,SC
80,171,Sutradhar,8,OBC
80,171,Tanti,7.2,OBC
80,171,Teli,3.7,OBC
80,171,Yadav,122.4,OBC
80,172,Bagdi,2.4,SC
80,172,Baniya,5.4,GEN
80,172,Bhumij,217.2,ST
80,172,Brahmin,44.5,GEN
80,172,Hari,17,SC
80,172,Karmakar,31,SC
80,172,Kayastha,109.6842,GEN
80,172,Lohar,4,SC
80,172,Mahishya,29.73333,GEN
80,172,Muslim,4,Muslim
80,172,Namasudra,123.3225,SC
80,172,Napit,0.6,SC
80,172,Paundra,154.96,SC
80,172,Purvanchali,9,GEN
80,172,Rajbongshi,15,SC
80,172,Sadgope,58.4,OBC
80,172,Santhal,4,ST
80,172,Sunri,12.6,SC
80,172,Sutradhar,6,OBC
80,172,Tanti,28,OBC
80,172,Yadav,175.2,OBC
80,173,Bagdi,22.4,SC
80,173,Baniya,11.1,GEN
80,173,Bhumij,4.2,ST
80,173,Brahmin,98.4,GEN
80,173,Hari,2,SC
80,173,Jele,0.2,SC
80,173,Karmakar,60,SC
80,173,Kayastha,141.6211,GEN
80,173,Kumor,31.2,GEN
80,173,Mahishya,35.5,GEN
80,173,Muslim,27,Muslim
80,173,Namasudra,108.5189,SC
80,173,Napit,1.2,SC
80,173,Paundra,14.76,SC
80,173,Purvanchali,14.8,GEN
80,173,Rajbongshi,4,SC
80,173,Raju,2.8,OBC
80,173,Sadgope,71.8,OBC
80,173,Sunri,25.9,SC
80,173,Sutradhar,4,OBC
80,173,Tanti,2.4,OBC
80,173,Teli,2.8,OBC
80,173,Yadav,224.4,OBC
80,174,Bagdi,18.8,SC
80,174,Baniya,6.3,GEN
80,174,Bhumij,0.6,ST
80,174,Brahmin,171.6,GEN
80,174,Hari,1,SC
80,174,Karmakar,9,SC
80,174,Kayastha,115.1579,GEN
80,174,Kumor,18,GEN
80,174,Lepcha,4,ST
80,174,Mahishya,23.14444,GEN
80,174,Muslim,3,Muslim
80,174,Namasudra,86.13766,SC
80,174,Napit,6.8,SC
80,174,Paundra,9.76,SC
80,174,Purvanchali,36,GEN
80,174,Rajbongshi,7,SC
80,174,Raju,1.6,OBC
80,174,Sadgope,20.8,OBC
80,174,Sunri,14.7,SC
80,174,Sutradhar,9,OBC
80,174,Tanti,20.8,OBC
80,174,Teli,1.6,OBC
80,174,Yadav,67.2,OBC
80,175,Bagdi,5.2,SC
80,175,Baniya,9.6,GEN
80,175,Bhumij,0.6,ST
80,175,Brahmin,53.9,GEN
80,175,Hari,22,SC
80,175,Jele,0.2,SC
80,175,Karmakar,12,SC
80,175,Kayastha,262.3158,GEN
80,175,Kumor,8.4,GEN
80,175,Mahishya,131.4,GEN
80,175,Muslim,284,Muslim
80,175,Nai,4,OBC
80,175,Namasudra,137.9242,SC
80,175,Napit,8.4,SC
80,175,Paundra,24.66,SC
80,175,Purvanchali,11.4,GEN
80,175,Rajbongshi,23,SC
80,175,Raju,0.8,OBC
80,175,Sadgope,4.6,OBC
80,175,Sunri,26.4,SC
80,175,Sutradhar,25,OBC
80,175,Tanti,5.6,OBC
80,175,Teli,0.8,OBC
80,175,Yadav,15.8,OBC
80,176,Bagdi,12.8,SC
80,176,Baniya,11.4,GEN
80,176,Bhumij,10.2,ST
80,176,Brahmin,58.6,GEN
80,176,Karmakar,3,SC
80,176,Kayastha,108.5684,GEN
80,176,Mahishya,37.32222,GEN
80,176,Muslim,213,Muslim
80,176,Namasudra,19.80936,SC
80,176,Paundra,14,SC
80,176,Purvanchali,37,GEN
80,176,Rajbongshi,0.5,SC
80,176,Sadgope,57.8,OBC
80,176,Sunri,26.6,SC
80,176,Sutradhar,9,OBC
80,176,Yadav,173.4,OBC
80,177,Baniya,0.3,GEN
80,177,Barui,6,SC
80,177,Bauri,2,SC
80,177,Bhumij,3.6,ST
80,177,Brahmin,11.5,GEN
80,177,Dome,0.4,SC
80,177,Dusadh,0.6,SC
80,177,Jele,1,SC
80,177,Karmakar,21,SC
80,177,Kayastha,209.2632,GEN
80,177,Kumor,2.4,GEN
80,177,Mahishya,120.4,GEN
80,177,Muslim,131,Muslim
80,177,Namasudra,53.03684,SC
80,177,Napit,1.2,SC
80,177,Paundra,3.2,SC
80,177,Purvanchali,1.6,GEN
80,177,Rajbongshi,2,SC
80,177,Sadgope,17,OBC
80,177,Sunri,0.7,SC
80,177,Yadav,51.8,OBC
80,178,Bagdi,0.6,SC
80,178,Baniya,3.6,GEN
80,178,Bhumij,82.8,ST
80,178,Brahmin,9.5,GEN
80,178,Dome,1.2,SC
80,178,Dusadh,1.8,SC
80,178,Jele,12.2,SC
80,178,Kayastha,26.61579,GEN
80,178,Mahishya,11.51111,GEN
80,178,Muslim,282,Muslim
80,178,Nai,5,OBC
80,178,Namasudra,156.5331,SC
80,178,Paundra,59.24,SC
80,178,Purvanchali,25.5,GEN
80,178,Rajbongshi,4.5,SC
80,178,Sadgope,1,OBC
80,178,Sunri,8.4,SC
80,178,Sutradhar,23,OBC
80,178,Yadav,3,OBC
80,179,Bagdi,1.8,SC
80,179,Baniya,6.9,GEN
80,179,Bhumij,0.9,ST
80,179,Brahmin,50.5,GEN
80,179,Hari,1,SC
80,179,Jele,0.2,SC
80,179,Karmakar,53,SC
80,179,Kayastha,121.4158,GEN
80,179,Kumor,10.8,GEN
80,179,Kurmi,2,OBC
80,179,Lepcha,4,ST
80,179,Mahishya,46.62778,GEN
80,179,Muslim,118,Muslim
80,179,Nai,10,OBC
80,179,Namasudra,210.5264,SC
80,179,Napit,0.6,SC
80,179,Paundra,35.13,SC
80,179,Purvanchali,5.8,GEN
80,179,Rajbongshi,6.5,SC
80,179,Raju,3.6,OBC
80,179,Sadgope,4.8,OBC
80,179,Sunri,9.1,SC
80,179,Sutradhar,1,OBC
80,179,Teli,3.6,OBC
80,179,Valmiki,5,SC
80,179,Yadav,15.2,OBC
80,180,Brahmin,4.8,GEN
80,180,Karmakar,11,SC
80,180,Kayastha,39.7,GEN
80,180,Mahishya,9.466667,GEN
80,180,Muslim,521,Muslim
80,180,Namasudra,25.83333,SC
80,180,Paundra,4,SC
80,180,Purvanchali,1.2,GEN
80,180,Sunri,1,SC
80,180,Teli,1,OBC
80,181,Brahmin,0.5,GEN
80,181,Karmakar,4,SC
80,181,Kayastha,18.48947,GEN
80,181,Mahishya,1.244444,GEN
80,181,Muslim,609,Muslim
80,181,Namasudra,5.766082,SC
80,182,Bagdi,2,SC
80,182,Baniya,4.2,GEN
80,182,Brahmin,117.87,GEN
80,182,Hari,20,SC
80,182,Jele,0.6,SC
80,182,Karmakar,15,SC
80,182,Kayastha,263.3211,GEN
80,182,Kumor,12,GEN
80,182,Mahishya,107.5111,GEN
80,182,Marwari,6.4,GEN
80,182,Namasudra,95.26784,SC
80,182,Paundra,7.5,SC
80,182,Purvanchali,21.6,GEN
80,182,Rajbongshi,17,SC
80,182,Raju,0.8,OBC
80,182,Sadgope,13.4,OBC
80,182,Sunri,11.8,SC
80,182,Sutradhar,5,OBC
80,182,Tanti,12,OBC
80,182,Teli,3.4,OBC
80,182,Yadav,43.2,OBC
80,182,baishya,4.13,GEN
80,183,Bagdi,3,SC
80,183,Baniya,1.5,GEN
80,183,Bhumij,9.6,ST
80,183,Brahmin,25.2,GEN
80,183,Dhobi,4,SC
80,183,Hari,22,SC
80,183,Kayastha,165.7368,GEN
80,183,Kumor,3.6,GEN
80,183,Kurmi,10,OBC
80,183,Lepcha,3,ST
80,183,Mahishya,88.65556,GEN
80,183,Muslim,481,Muslim
80,183,Namasudra,96.7076,SC
80,183,Napit,0.6,SC
80,183,Paundra,14.7,SC
80,183,Purvanchali,2.8,GEN
80,183,Rai,4,GEN
80,183,Rajbongshi,7,SC
80,183,Sadgope,6.2,OBC
80,183,Sunri,3.5,SC
80,183,Teli,0.6,OBC
80,183,Yadav,19.6,OBC
80,183,baishya,1,GEN
80,184,Bagdi,12.6,SC
80,184,Baniya,24.3,GEN
80,184,Bhumij,1.8,ST
80,184,Brahmin,37.9,GEN
80,184,Hari,4,SC
80,184,Karmakar,17,SC
80,184,Kayastha,140.1474,GEN
80,184,Kumor,4.2,GEN
80,184,Mahishya,72.85556,GEN
80,184,Muslim,37,Muslim
80,184,Namasudra,278.3171,SC
80,184,Paundra,88.88,SC
80,184,Purvanchali,15.4,GEN
80,184,Rai,5,GEN
80,184,Rajbongshi,31.5,SC
80,184,Sadgope,3.2,OBC
80,184,Sunri,30,SC
80,184,Sutradhar,3,OBC
80,184,Tanti,11.2,OBC
80,184,Teli,4.5,OBC
80,184,Yadav,10.2,OBC
80,185,Baniya,6.3,GEN
80,185,Bhumij,1.2,ST
80,185,Brahmin,55.3,GEN
80,185,Hari,12,SC
80,185,Karmakar,4,SC
80,185,Kayastha,344.0474,GEN
80,185,Kumor,14.4,GEN
80,185,Kurmi,1,OBC
80,185,Mahishya,138.3,GEN
80,185,Marwari,7,GEN
80,185,Muslim,1,Muslim
80,185,Nai,2,OBC
80,185,Namasudra,130.5126,SC
80,185,Napit,3,SC
80,185,Paundra,37.54,SC
80,185,Purvanchali,18.7,GEN
80,185,Rai,1,GEN
80,185,Rajbongshi,85,SC
80,185,Sadgope,29,OBC
80,185,Sunri,15.2,SC
80,185,Sutradhar,2,OBC
80,185,Tanti,4.8,OBC
80,185,Teli,1.1,OBC
80,185,Yadav,89.6,OBC
80,186,Kayastha,1.2,GEN
80,186,Mahishya,1.022222,GEN
80,186,Muslim,604,Muslim
80,186,Namasudra,1.777778,SC
80,187,Muslim,807,Muslim
80,188,Kayastha,0.1,GEN
80,188,Mahishya,0.4,GEN
80,188,Muslim,788,Muslim
80,188,Namasudra,0.5,SC
80,189,Baniya,0.9,GEN
80,189,Brahmin,7,GEN
80,189,Kayastha,25.40526,GEN
80,189,Kumor,1.8,GEN
80,189,Mahishya,15.28889,GEN
80,189,Muslim,549,Muslim
80,189,Namasudra,20.50585,SC
80,189,Paundra,4,SC
80,189,Purvanchali,0.4,GEN
80,189,Sunri,2.1,SC
80,189,Yadav,0.6,OBC
80,190,Kayastha,1.989474,GEN
80,190,Mahishya,1,GEN
80,190,Muslim,580,Muslim
80,190,Namasudra,7.470526,SC
80,190,Paundra,1.74,SC
80,190,Sadgope,0.2,OBC
80,190,Yadav,0.6,OBC
80,191,Karmakar,10,SC
80,191,Kayastha,4,GEN
80,191,Mahishya,1.711111,GEN
80,191,Muslim,586,Muslim
80,191,Namasudra,7.288889,SC
80,191,Napit,0.6,SC
80,191,Paundra,0.4,SC
80,191,Purvanchali,1,GEN
80,192,Bhumij,0.6,ST
80,192,Muslim,665,Muslim
80,192,Paundra,0.4,SC
80,193,Kayastha,0.2,GEN
80,193,Mahishya,1.244444,GEN
80,193,Muslim,723,Muslim
80,193,Namasudra,2.555556,SC
80,194,Muslim,785,Muslim
80,195,Mahishya,2.666667,GEN
80,195,Muslim,887,Muslim
80,195,Namasudra,12.33333,SC
80,196,Muslim,769,Muslim
80,196,Namasudra,1,SC
80,196,Purvanchali,1,GEN
80,197,Hari,32,SC
80,197,Karmakar,10,SC
80,197,Kayastha,3.826316,GEN
80,197,Mahishya,9.644444,GEN
80,197,Muslim,669,Muslim
80,197,Namasudra,220.2892,SC
80,197,Paundra,63.24,SC
80,198,Mahishya,0.666667,GEN
80,198,Muslim,1017,Muslim
80,198,Namasudra,2.333333,SC
80,199,Mahishya,2.888889,GEN
80,199,Muslim,604,Muslim
80,199,Namasudra,14.11111,SC
80,200,Muslim,596,Muslim
80,201,Mahishya,3.333333,GEN
80,201,Muslim,657,Muslim
80,201,Namasudra,19.66667,SC
80,202,Chik Baraik,1,ST
80,202,Mahishya,4.444444,GEN
80,202,Muslim,805,Muslim
80,202,Namasudra,28.55556,SC
80,202,Sunri,1,SC
80,203,Hari,37,SC
80,203,Karmakar,12,SC
80,203,Kayastha,0.9,GEN
80,203,Mahishya,9.377778,GEN
80,203,Muslim,932,Muslim
80,203,Namasudra,28.72222,SC
80,203,Paundra,13,SC
80,203,Rajbongshi,26,SC
80,204,Kayastha,2,GEN
80,204,Mahishya,6.444444,GEN
80,204,Muslim,1096,Muslim
80,204,Namasudra,29.55556,SC
80,205,Bagdi,3.6,SC
80,205,Hari,15,SC
80,205,Mahishya,3.333333,GEN
80,205,Muslim,632,Muslim
80,205,Namasudra,13.66667,SC
80,205,Paundra,7.4,SC
80,206,Brahmin,0.9,GEN
80,206,Kayastha,4.8,GEN
80,206,Mahishya,5.2,GEN
80,206,Muslim,863,Muslim
80,206,Namasudra,8.1,SC
80,207,Kayastha,1,GEN
80,207,Mahishya,0.888889,GEN
80,207,Muslim,761,Muslim
80,207,Namasudra,12.11111,SC
80,208,Kayastha,5.7,GEN
80,208,Mahishya,5.244444,GEN
80,208,Muslim,977,Muslim
80,208,Namasudra,30.05556,SC
80,209,Brahmin,13,GEN
80,209,Kayastha,13.8,GEN
80,209,Mahishya,11.2,GEN
80,209,Muslim,1011,Muslim
80,209,Namasudra,13,SC
80,210,Kayastha,1.1,GEN
80,210,Mahishya,0.844444,GEN
80,210,Muslim,541,Muslim
80,210,Namasudra,2.055556,SC
80,211,Kayastha,0.2,GEN
80,211,Muslim,599,Muslim
80,211,Namasudra,1,SC
80,211,Sadgope,0.2,OBC
80,211,Yadav,0.6,OBC
80,212,Bagdi,54,SC
80,212,Bhumij,158.4,ST
80,212,Brahmin,28.1,GEN
80,212,Hari,17,SC
80,212,Karmakar,10,SC
80,212,Kayastha,146.7,GEN
80,212,Mahishya,89.6,GEN
80,212,Muslim,2,Muslim
80,212,Namasudra,30,SC
80,212,Paundra,144,SC
80,212,Purvanchali,9,GEN
80,212,Rajbongshi,2,SC
80,212,Sadgope,41.2,OBC
80,212,Tanti,2.4,OBC
80,212,Yadav,123.6,OBC
80,213,Brahmin,13,GEN
80,213,Hari,3,SC
80,213,Kayastha,49.24737,GEN
80,213,Kumor,6,GEN
80,213,Mahishya,1.2,GEN
80,213,Marwari,10.6,GEN
80,213,Muslim,795,Muslim
80,213,Namasudra,11.05263,SC
80,213,Paundra,3,SC
80,213,Purvanchali,36.9,GEN
80,213,Yadav,2,OBC
80,214,Kayastha,0.2,GEN
80,214,Mahishya,3.688889,GEN
80,214,Muslim,666,Muslim
80,214,Namasudra,14.11111,SC
80,215,Mahishya,0.666667,GEN
80,215,Muslim,594,Muslim
80,215,Namasudra,2.333333,SC
80,216,Kayastha,2.1,GEN
80,216,Mahishya,3.288889,GEN
80,216,Muslim,829,Muslim
80,216,Namasudra,24.61111,SC
80,217,Kayastha,6,GEN
80,217,Mahishya,4.888889,GEN
80,217,Muslim,556,Muslim
80,217,Namasudra,8.111111,SC
80,217,Rajbongshi,8,SC
80,218,Muslim,615,Muslim
80,219,Mahishya,7.111111,GEN
80,219,Muslim,336,Muslim
80,219,Namasudra,30.88889,SC
80,220,Kayastha,17,GEN
80,220,Mahishya,1.777778,GEN
80,220,Muslim,902,Muslim
80,220,Namasudra,13.72222,SC
80,220,Napit,0.6,SC
80,220,Paundra,0.4,SC
80,220,Rajbongshi,0.5,SC
80,221,Bagdi,0.6,SC
80,221,Mahishya,3.777778,GEN
80,221,Muslim,1039,Muslim
80,221,Namasudra,27.22222,SC
80,221,Paundra,0.4,SC
80,222,Baniya,69.8,GEN
80,222,Brahmin,23.8,GEN
80,222,Hari,19,SC
80,222,Karmakar,20,SC
80,222,Kayastha,146.3,GEN
80,222,Kumor,3,GEN
80,222,Mahishya,99.52222,GEN
80,222,Namasudra,3.977778,SC
80,222,Napit,3.6,SC
80,222,Paundra,24.4,SC
80,222,Purvanchali,39,GEN
80,222,Sadgope,6.2,OBC
80,222,Sunri,11.2,SC
80,222,Yadav,19.2,OBC
80,223,Baniya,10.8,GEN
80,223,Bhumij,0.6,ST
80,223,Hari,11,SC
80,223,Karmakar,27,SC
80,223,Kayastha,54.48947,GEN
80,223,Mahishya,53.02222,GEN
80,223,Muslim,819,Muslim
80,223,Namasudra,29.4883,SC
80,223,Paundra,1.4,SC
80,223,Purvanchali,72,GEN
80,223,Sunri,43.7,SC
80,223,Teli,18.5,OBC
80,224,Kayastha,2.6,GEN
80,224,Mahishya,2.4,GEN
80,224,Muslim,635,Muslim
80,224,Namasudra,3,SC
80,225,Hari,1,SC
80,225,Kayastha,1.2,GEN
80,225,Mahishya,0.8,GEN
80,225,Muslim,649,Muslim
80,226,Brahmin,15,GEN
80,226,Handi,18,GEN
80,226,Hari,32,SC
80,226,Kayastha,158.8526,GEN
80,226,Mahishya,131.8222,GEN
80,226,Muslim,63,Muslim
80,226,Namasudra,154.2251,SC
80,226,Napit,1.8,SC
80,226,Paundra,15.2,SC
80,226,Purvanchali,3,GEN
80,226,Rajbongshi,1.5,SC
80,226,Sadgope,0.4,OBC
80,226,Yadav,1.2,OBC
80,227,Kayastha,1,GEN
80,227,Mahishya,0.666667,GEN
80,227,Muslim,530,Muslim
80,227,Namasudra,6.333333,SC
80,228,Kayastha,1,GEN
80,228,Mahishya,4.666667,GEN
80,228,Muslim,799,Muslim
80,228,Namasudra,34.33333,SC
80,229,Mahishya,0.666667,GEN
80,229,Muslim,1005,Muslim
80,229,Namasudra,4.333333,SC
80,230,Mahishya,3.777778,GEN
80,230,Muslim,531,Muslim
80,230,Namasudra,22.22222,SC
80,231,Kayastha,3,GEN
80,231,Muslim,879,Muslim
80,231,Namasudra,3,SC
80,232,Brahmin,17.5,GEN
80,232,Karmakar,11,SC
80,232,Kayastha,108.4,GEN
80,232,Mahishya,36.62222,GEN
80,232,Muslim,237,Muslim
80,232,Namasudra,35.17778,SC
80,232,Napit,1.2,SC
80,232,Paundra,0.8,SC
80,232,Rajbongshi,0.5,SC
80,232,Sadgope,29.2,OBC
80,232,Yadav,87.6,OBC
80,233,Brahmin,23.8,GEN
80,233,Hari,1,SC
80,233,Karmakar,1,SC
80,233,Kayastha,300.5,GEN
80,233,Mahishya,148.3111,GEN
80,233,Muslim,58,Muslim
80,233,Namasudra,92.38889,SC
80,233,Napit,5.4,SC
80,233,Paundra,3.6,SC
80,233,Purvanchali,9.2,GEN
80,233,Rajbongshi,1,SC
80,233,Sadgope,27.2,OBC
80,233,Yadav,81.6,OBC
80,234,Baniya,1.3,GEN
80,234,Bhumij,1.8,ST
80,234,Brahmin,4.8,GEN
80,234,Hari,27,SC
80,234,Kayastha,22.4,GEN
80,234,Mahishya,18.86667,GEN
80,234,Muslim,408,Muslim
80,234,Namasudra,92.93333,SC
80,234,Paundra,14,SC
80,234,Purvanchali,5.4,GEN
80,234,Sadgope,0.2,OBC
80,234,Sunri,0.7,SC
80,234,Yadav,0.6,OBC
80,235,Baniya,17,GEN
80,235,Bhumij,53.4,ST
80,235,Brahmin,17.2,GEN
80,235,Kayastha,251.25,GEN
80,235,Mahishya,78.66667,GEN
80,235,Muslim,359,Muslim
80,235,Namasudra,33.03333,SC
80,235,Paundra,35.6,SC
80,235,Purvanchali,31.05,GEN
80,235,Rajbongshi,1,SC
80,235,Sadgope,54.2,OBC
80,235,Yadav,162.6,OBC
80,236,Kayastha,24.2,GEN
80,236,Mahishya,7.911111,GEN
80,236,Muslim,894,Muslim
80,236,Namasudra,13.88889,SC
80,236,Purvanchali,2,GEN
80,237,Muslim,1045,Muslim
80,237,Namasudra,2.5,SC
80,237,Rajbongshi,0.5,SC
80,238,Brahmin,1.4,GEN
80,238,Hari,69,SC
80,238,Karmakar,5,SC
80,238,Kayastha,292.1632,GEN
80,238,Kumor,43.2,GEN
80,238,Mahishya,144.0889,GEN
80,238,Marwari,6.4,GEN
80,238,Namasudra,143.608,SC
80,238,Napit,0.6,SC
80,238,Paundra,69.34,SC
80,238,Purvanchali,6.4,GEN
80,238,Sadgope,32.4,OBC
80,238,Yadav,111.4,OBC
80,239,Brahmin,35.9,GEN
80,239,Hari,94,SC
80,239,Kayastha,66.78421,GEN
80,239,Kumor,9.6,GEN
80,239,Mahishya,62.47778,GEN
80,239,Marwari,3.4,GEN
80,239,Muslim,1,Muslim
80,239,Namasudra,342.258,SC
80,239,Paundra,125.38,SC
80,239,Purvanchali,4.4,GEN
80,239,Rajbongshi,3,SC
80,239,Sadgope,5.2,OBC
80,239,Yadav,18.6,OBC
80,240,Bauri,5,SC
80,240,Bhumij,1.2,ST
80,240,Brahmin,9.9,GEN
80,240,Hari,4,SC
80,240,Kayastha,146.3105,GEN
80,240,Mahishya,45.77778,GEN
80,240,Mal,1,SC
80,240,Marwari,1,GEN
80,240,Namasudra,199.9117,SC
80,240,Paundra,6.3,SC
80,240,Purvanchali,27,GEN
80,240,Sadgope,130.4,OBC
80,240,Yadav,391.2,OBC
80,241,Mahishya,0.222222,GEN
80,241,Muslim,866,Muslim
80,241,Namasudra,0.777778,SC
80,242,Bagdi,0.2,SC
80,242,Baniya,42.3,GEN
80,242,Brahmin,9.2,GEN
80,242,Hari,14,SC
80,242,Karmakar,49,SC
80,242,Kayastha,359.65,GEN
80,242,Kumor,21,GEN
80,242,Mahishya,196.5,GEN
80,242,Nai,4,OBC
80,242,Namasudra,24,SC
80,242,Paundra,5,SC
80,242,Purvanchali,5.45,GEN
80,242,Raju,0.4,OBC
80,242,Sadgope,0.6,OBC
80,242,Sunri,35.7,SC
80,242,Teli,14.6,OBC
80,242,Yadav,8.4,OBC
80,243,Bagdi,1,SC
80,243,Bhumij,37.8,ST
80,243,Brahmin,176,GEN
80,243,Hari,160,SC
80,243,Kayastha,92.65263,GEN
80,243,Mahishya,129.0222,GEN
80,243,Muslim,1,Muslim
80,243,Namasudra,212.2251,SC
80,243,Paundra,32.2,SC
80,243,Purvanchali,3,GEN
80,243,Rajbongshi,1.5,SC
80,243,Sadgope,1.4,OBC
80,243,Yadav,4.2,OBC
80,244,Mahishya,4.222222,GEN
80,244,Muslim,901,Muslim
80,244,Namasudra,19.77778,SC
80,245,Mahishya,0.666667,GEN
80,245,Muslim,622,Muslim
80,245,Namasudra,2.333333,SC
80,246,Baniya,12.9,GEN
80,246,Jele,0.4,SC
80,246,Karmakar,8,SC
80,246,Kayastha,180.1,GEN
80,246,Mahishya,143.6444,GEN
80,246,Muslim,705,Muslim
80,246,Namasudra,137.0556,SC
80,246,Napit,1.8,SC
80,246,Paundra,1.2,SC
80,246,Sadgope,0.2,OBC
80,246,Sunri,30.1,SC
80,246,Yadav,0.6,OBC
80,247,Baniya,8,GEN
80,247,Brahmin,22.7,GEN
80,247,Hari,7,SC
80,247,Karmakar,17,SC
80,247,Kayastha,173.6158,GEN
80,247,Mahishya,82.3,GEN
80,247,Marwari,43,GEN
80,247,Muslim,627,Muslim
80,247,Namasudra,47.28421,SC
80,247,Napit,1.8,SC
80,247,Paundra,5.2,SC
80,247,Purvanchali,24.5,GEN
80,247,Teli,0.6,OBC
80,248,Baniya,2,GEN
80,248,Mahishya,0.666667,GEN
80,248,Muslim,779,Muslim
80,248,Namasudra,10.33333,SC
80,249,Muslim,765,Muslim
80,249,Namasudra,1,SC
80,250,Brahmin,8,GEN
80,250,Hari,2,SC
80,250,Karmakar,7,SC
80,250,Kayastha,21,GEN
80,250,Kumor,6.6,GEN
80,250,Mahishya,50.16667,GEN
80,250,Muslim,297,Muslim
80,250,Namasudra,380.7133,SC
80,250,Napit,0.6,SC
80,250,Paundra,6.72,SC
80,250,Purvanchali,4.5,GEN
80,250,Rajbongshi,0.5,SC
80,250,Yadav,2.2,OBC
80,251,Bagdi,0.6,SC
80,251,Bhumij,0.6,ST
80,251,Brahmin,3,GEN
80,251,Hari,164,SC
80,251,Kayastha,9.5,GEN
80,251,Mahishya,16.63333,GEN
80,251,Muslim,391,Muslim
80,251,Namasudra,15.86667,SC
80,251,Paundra,90.8,SC
80,251,Purvanchali,362,GEN
80,252,Brahmin,74.8,GEN
80,252,Kayastha,333.7,GEN
80,252,Mahishya,96.71111,GEN
80,252,Namasudra,53.38889,SC
80,252,Purvanchali,26.2,GEN
80,252,Rajbongshi,1,SC
80,252,Sadgope,92.8,OBC
80,252,Yadav,278.4,OBC
80,253,Bagdi,4.6,SC
80,253,Bhumij,243.6,ST
80,253,Brahmin,25.6,GEN
80,253,Hari,3,SC
80,253,Kayastha,138.8,GEN
80,253,Mahishya,11.2,GEN
80,253,Marwari,41,GEN
80,253,Namasudra,127.52,SC
80,253,Paundra,165.28,SC
80,253,Purvanchali,0.4,GEN
80,253,Sadgope,102,OBC
80,253,Yadav,306,OBC
80,254,Brahmin,1.6,GEN
80,254,Kayastha,203.4,GEN
80,254,Mahishya,100.8444,GEN
80,254,Namasudra,19.15556,SC
80,254,Napit,0.6,SC
80,254,Paundra,0.4,SC
80,254,Purvanchali,4.4,GEN
80,254,Sadgope,29.4,OBC
80,254,Sutradhar,22,OBC
80,254,Yadav,88.2,OBC
80,255,Bagdi,0.7,SC
80,255,Baniya,3.3,GEN
80,255,Brahmin,11.5,GEN
80,255,Karmakar,23,SC
80,255,Kayastha,323.5421,GEN
80,255,Mahishya,263.6,GEN
80,255,Namasudra,256.1579,SC
80,255,Paundra,0.3,SC
80,255,Purvanchali,90.3,GEN
80,255,Rajbongshi,2.5,SC
80,255,Sadgope,0.6,OBC
80,255,Sunri,7.7,SC
80,255,Yadav,1.8,OBC
80,256,Handi,14,GEN
80,256,Hari,1,SC
80,256,Kayastha,260.4,GEN
80,256,Mahishya,243.7333,GEN
80,256,Muslim,1,Muslim
80,256,Namasudra,217.8667,SC
80,257,Bagdi,38.5,SC
80,257,Brahmin,40.4,GEN
80,257,Handi,1,GEN
80,257,Karmakar,13,SC
80,257,Kayastha,211.9,GEN
80,257,Mahishya,207.8667,GEN
80,257,Namasudra,543.4733,SC
80,257,Napit,3,SC
80,257,Paundra,29.46,SC
80,257,Purvanchali,8,GEN
80,257,Sadgope,0.2,OBC
80,257,Sutradhar,1,OBC
80,257,Tanti,29.6,OBC
80,257,Yadav,0.6,OBC
80,258,Kayastha,10,GEN
80,258,Muslim,573,Muslim
80,258,Namasudra,8,SC
80,258,Napit,1.8,SC
80,258,Paundra,1.2,SC
80,258,Rajbongshi,6,SC
80,259,Muslim,623,Muslim
80,259,Rajbongshi,1,SC
80,260,Brahmin,5.5,GEN
80,260,Hari,21,SC
80,260,Kayastha,103.3053,GEN
80,260,Mahishya,31.32222,GEN
80,260,Muslim,136,Muslim
80,260,Namasudra,14.27251,SC
80,260,Napit,0.6,SC
80,260,Paundra,9.4,SC
80,260,Sadgope,34.4,OBC
80,260,Sunri,2,SC
80,260,Teli,2,OBC
80,260,Yadav,103.2,OBC
80,261,Bagdi,0.6,SC
80,261,Brahmin,12.1,GEN
80,261,Kayastha,67.9,GEN
80,261,Kumor,2.4,GEN
80,261,Mahishya,42.71111,GEN
80,261,Muslim,259,Muslim
80,261,Namasudra,51.98889,SC
80,261,Paundra,4.4,SC
80,261,Purvanchali,26,GEN
80,261,Rajbongshi,0.5,SC
80,261,Sadgope,5.4,OBC
80,261,Yadav,17,OBC
80,262,Hari,13,SC
80,262,Karmakar,3,SC
80,262,Kayastha,5.6,GEN
80,262,Mahishya,0.844444,GEN
80,262,Muslim,744,Muslim
80,262,Namasudra,1.555556,SC
80,262,Paundra,10,SC
80,262,Sadgope,1,OBC
80,262,Sunri,3.5,SC
80,262,Teli,3.5,OBC
80,262,Yadav,3,OBC
80,263,Badhai,2,OBC
80,263,Baniya,22,GEN
80,263,Bene,8,GEN
80,263,Bhumij,9.6,ST
80,263,Brahmin,13.2,GEN
80,263,Kayastha,365.2684,GEN
80,263,Kumor,11.4,GEN
80,263,Mahishya,147.0222,GEN
80,263,Namasudra,157.4494,SC
80,263,Paundra,8.56,SC
80,263,Purvanchali,7.9,GEN
80,263,Sadgope,8.2,OBC
80,263,Sunri,3,SC
80,263,Teli,7.6,OBC
80,263,Yadav,27.8,OBC
80,264,Brahmin,51.5,GEN
80,264,Kayastha,73.4,GEN
80,264,Mahishya,51.51111,GEN
80,264,Muslim,145,Muslim
80,264,Namasudra,197.1489,SC
80,264,Paundra,0.24,SC
80,264,Purvanchali,105,GEN
80,264,Rajbongshi,62,SC
80,264,Sadgope,0.8,OBC
80,264,Yadav,2.4,OBC
80,265,Mahishya,0.222222,GEN
80,265,Muslim,1082,Muslim
80,265,Namasudra,3.777778,SC
80,266,Bagdi,10,SC
80,266,Bene,3,GEN
80,266,Brahmin,30.5,GEN
80,266,Hari,2,SC
80,266,Karmakar,3,SC
80,266,Kayastha,199.5,GEN
80,266,Kumor,8.4,GEN
80,266,Mahishya,114.2778,GEN
80,266,Muslim,138,Muslim
80,266,Namasudra,137.2222,SC
80,266,Purvanchali,24.9,GEN
80,266,Teli,1.8,OBC
80,266,Yadav,2.4,OBC
80,267,Baniya,40.5,GEN
80,267,Bene,1,GEN
80,267,Brahmin,10.7,GEN
80,267,Hari,6,SC
80,267,Kayastha,8.5,GEN
80,267,Kumor,1.2,GEN
80,267,Mahishya,19.32222,GEN
80,267,Muslim,427,Muslim
80,267,Namasudra,37.77778,SC
80,267,Paundra,8,SC
80,267,Purvanchali,2.1,GEN
80,267,Sunri,94.5,SC
80,267,Yadav,0.4,OBC
80,268,Bagdi,7.2,SC
80,268,Baniya,51,GEN
80,268,Bhumij,3,ST
80,268,Brahmin,14.3,GEN
80,268,Kayastha,278.35,GEN
80,268,Kumor,1.2,GEN
80,268,Mahishya,142.0444,GEN
80,268,Namasudra,356.1556,SC
80,268,Napit,0.6,SC
80,268,Paundra,7.2,SC
80,268,Purvanchali,64.35,GEN
80,268,Sadgope,17.8,OBC
80,268,Sunri,31,SC
80,268,Teli,31,OBC
80,268,Yadav,53.8,OBC
80,268,baishya,2,GEN
80,269,Baniya,9.1,GEN
80,269,Bhumij,2.4,ST
80,269,Brahmin,80.5,GEN
80,269,Hari,4,SC
80,269,Kayastha,185.8,GEN
80,269,Mahishya,128.1111,GEN
80,269,Namasudra,185.3889,SC
80,269,Purvanchali,395.3,GEN
80,269,Rajbongshi,73.5,SC
80,269,Sunri,18.9,SC
80,270,Baniya,27.6,GEN
80,270,Bhumij,3.6,ST
80,270,Brahmin,24.9,GEN
80,270,Karmakar,8,SC
80,270,Kayastha,19.8,GEN
80,270,Kumor,2.4,GEN
80,270,Mahishya,0.4,GEN
80,270,Muslim,362,Muslim
80,270,Namasudra,31.32,SC
80,270,Napit,1.2,SC
80,270,Paundra,7.38,SC
80,270,Purvanchali,128.4,GEN
80,270,Rajbongshi,7,SC
80,270,Sadgope,1.2,OBC
80,270,Sunri,64.4,SC
80,270,Yadav,4.4,OBC
80,271,Baniya,43.2,GEN
80,271,Brahmin,15.1,GEN
80,271,Karmakar,13,SC
80,271,Kayastha,57.25789,GEN
80,271,Kumor,6.6,GEN
80,271,Mahishya,27.15556,GEN
80,271,Muslim,107,Muslim
80,271,Namasudra,46.02655,SC
80,271,Paundra,2.46,SC
80,271,Purvanchali,115.4,GEN
80,271,Rajbongshi,10,SC
80,271,Sadgope,4.2,OBC
80,271,Sunri,100.8,SC
80,271,Suri,10,GEN
80,271,Yadav,14.8,OBC
80,272,Baniya,4.2,GEN
80,272,Hari,2,SC
80,272,Karmakar,10,SC
80,272,Kayastha,56.16316,GEN
80,272,Kumor,3,GEN
80,272,Mahishya,42.17778,GEN
80,272,Muslim,305,Muslim
80,272,Namasudra,136.2991,SC
80,272,Paundra,24.36,SC
80,272,Purvanchali,2.8,GEN
80,272,Rajbongshi,2,SC
80,272,Sadgope,19.8,OBC
80,272,Sunri,9.8,SC
80,272,Yadav,60.4,OBC
80,273,Bagdi,9.6,SC
80,273,Baniya,131.1,GEN
80,273,Brahmin,72.3,GEN
80,273,Karmakar,7,SC
80,273,Kayastha,57.90526,GEN
80,273,Khas,10,GEN
80,273,Mahishya,32.68889,GEN
80,273,Namasudra,189.2458,SC
80,273,Napit,0.6,SC
80,273,Paundra,30.06,SC
80,273,Purvanchali,38.2,GEN
80,273,Rajbongshi,26,SC
80,273,Sadgope,4.6,OBC
80,273,Sunri,305.9,SC
80,273,Yadav,13.8,OBC
80,274,Bagdi,17.8,SC
80,274,Baniya,0.3,GEN
80,274,Brahmin,27.4,GEN
80,274,Karmakar,4,SC
80,274,Kayastha,123.6632,GEN
80,274,Mahishya,57.46667,GEN
80,274,Namasudra,21.13018,SC
80,274,Paundra,13.14,SC
80,274,Purvanchali,213.4,GEN
80,274,Rajbongshi,2,SC
80,274,Sadgope,21,OBC
80,274,Sunri,0.7,SC
80,274,Sutradhar,1,OBC
80,274,Yadav,63,OBC
80,275,Baniya,55.5,GEN
80,275,Brahmin,4.5,GEN
80,275,Kayastha,9.305263,GEN
80,275,Kurmi,1,OBC
80,275,Mahishya,1.022222,GEN
80,275,Namasudra,339.5725,SC
80,275,Paundra,100.1,SC
80,275,Purvanchali,1,GEN
80,275,Rajbongshi,3.5,SC
80,275,Sadgope,0.2,OBC
80,275,Sunri,129.5,SC
80,275,Sutradhar,25,OBC
80,275,Teli,0.2,OBC
80,275,Yadav,0.6,OBC
80,276,Bagdi,1,SC
80,276,Baniya,2,GEN
80,276,Bauri,22,SC
80,276,Brahmin,111.6,GEN
80,276,Hari,2,SC
80,276,Karmakar,1,SC
80,276,Kayastha,200.8421,GEN
80,276,Kumor,0.6,GEN
80,276,Mahishya,76.17778,GEN
80,276,Namasudra,272.6801,SC
80,276,Purvanchali,33.3,GEN
80,276,Rajbongshi,8,SC
80,276,Sadgope,0.2,OBC
80,276,Yadav,0.6,OBC
80,277,Bauri,9,SC
80,277,Brahmin,35.5,GEN
80,277,Karmakar,9,SC
80,277,Kayastha,135.3421,GEN
80,277,Kumor,2.4,GEN
80,277,Mahishya,74.66667,GEN
80,277,Namasudra,263.4912,SC
80,277,Rajbongshi,6,SC
80,277,Yadav,0.6,OBC
80,278,Bagdi,30,SC
80,278,Brahmin,56.7,GEN
80,278,Hari,40,SC
80,278,Kayastha,275.5632,GEN
80,278,Kumor,18,GEN
80,278,Mahishya,173.3222,GEN
80,278,Muslim,378,Muslim
80,278,Namasudra,40.81462,SC
80,278,Napit,0.6,SC
80,278,Paundra,42.1,SC
80,278,Purvanchali,10.8,GEN
80,278,Rajbongshi,0.5,SC
80,278,Sadgope,6.4,OBC
80,278,Yadav,25.2,OBC
80,278,baishya,41,GEN
80,279,Baniya,11.8,GEN
80,279,Bhumij,0.6,ST
80,279,Brahmin,117.4,GEN
80,279,Hari,74,SC
80,279,Karmakar,10,SC
80,279,Kayastha,325.3184,GEN
80,279,Kumor,7.2,GEN
80,279,Mahishya,105.1889,GEN
80,279,Namasudra,91.24269,SC
80,279,Napit,4.2,SC
80,279,Paundra,54.2,SC
80,279,Purvanchali,24.15,GEN
80,279,Rajbongshi,2.5,SC
80,279,Sadgope,31,OBC
80,279,Sunri,28.2,SC
80,279,Teli,18.6,OBC
80,279,Yadav,95.4,OBC
80,279,baishya,2,GEN
80,280,Kayastha,1,GEN
80,280,Muslim,634,Muslim
80,280,Namasudra,2,SC
80,280,Purvanchali,4,GEN
80,281,Muslim,582,Muslim
80,282,Muslim,479,Muslim
80,283,Bhumij,131.8,ST
80,283,Kayastha,0.463158,GEN
80,283,Mahishya,0.444444,GEN
80,283,Mali,1,OBC
80,283,Muslim,2,Muslim
80,283,Namasudra,2.292398,SC
80,283,Oraon,1,ST
80,283,Paundra,87.2,SC
80,283,Purvanchali,551,GEN
80,283,Sadgope,0.2,OBC
80,283,Yadav,0.6,OBC
80,284,Barui,10,SC
80,284,Bauri,6,SC
80,284,Bhumij,6.6,ST
80,284,Brahmin,46.4,GEN
80,284,Karmakar,16,SC
80,284,Kayastha,72.98947,GEN
80,284,Mahishya,21.02222,GEN
80,284,Nai,6,OBC
80,284,Namasudra,251.1883,SC
80,284,Purvanchali,333.8,GEN
80,284,Rajbongshi,21,SC
80,285,Kayastha,77.8,GEN
80,285,Mahishya,48,GEN
80,285,Muslim,1016,Muslim
80,285,Namasudra,3.2,SC
80,285,Napit,0.6,SC
80,285,Paundra,0.4,SC
80,285,Purvanchali,1,GEN
80,286,Brahmin,1,GEN
80,286,Karmakar,3,SC
80,286,Kayastha,6.4,GEN
80,286,Muslim,600,Muslim
80,286,Namasudra,9.1,SC
80,286,Napit,1.8,SC
80,286,Paundra,1.2,SC
80,286,Purvanchali,193,GEN
80,286,Rajbongshi,4.5,SC
80,287,Baniya,0.3,GEN
80,287,Brahmin,21.4,GEN
80,287,Kayastha,70.3,GEN
80,287,Mahishya,15.64444,GEN
80,287,Namasudra,4.955556,SC
80,287,Purvanchali,400.6,GEN
80,287,Rajbongshi,189.5,SC
80,287,Sadgope,7.4,OBC
80,287,Sunri,0.7,SC
80,287,Yadav,22.2,OBC
80,288,Baniya,10.4,GEN
80,288,Brahmin,77.44,GEN
80,288,Hari,2,SC
80,288,Karmakar,16,SC
80,288,Kayastha,363.6316,GEN
80,288,Kumor,4.2,GEN
80,288,Mahishya,116.7667,GEN
80,288,Namasudra,26.76175,SC
80,288,Paundra,2.24,SC
80,288,Purvanchali,11.3,GEN
80,288,Rajbongshi,213,SC
80,288,Sadgope,70.4,OBC
80,288,Sunri,5.6,SC
80,288,Yadav,212,OBC
80,288,baishya,0.26,GEN
80,289,Baniya,59.4,GEN
80,289,Brahmin,10.6,GEN
80,289,Hari,3,SC
80,289,Kayastha,244.5,GEN
80,289,Kumor,0.6,GEN
80,289,Mahishya,115.9111,GEN
80,289,Muslim,2,Muslim
80,289,Namasudra,43.38889,SC
80,289,Rajbongshi,12,SC
80,289,Sadgope,2.6,OBC
80,289,Sunri,5.6,SC
80,289,Teli,1.4,OBC
80,289,Yadav,8,OBC
80,290,Bagdi,20,SC
80,290,Baniya,4,GEN
80,290,Brahmin,18.8,GEN
80,290,Kayastha,250.2895,GEN
80,290,Kumor,0.6,GEN
80,290,Mahishya,149.9444,GEN
80,290,Namasudra,40.56608,SC
80,290,Purvanchali,3,GEN
80,290,Rajbongshi,147,SC
80,290,Sadgope,2.8,OBC
80,290,Sunri,2,SC
80,290,Tanti,0.8,OBC
80,290,Teli,3.6,OBC
80,290,Yadav,8.6,OBC
80,291,Baniya,6,GEN
80,291,Brahmin,0.6,GEN
80,291,Hari,2,SC
80,291,Kayastha,116.4895,GEN
80,291,Mahishya,38.31111,GEN
80,291,Muslim,3,Muslim
80,291,Namasudra,7.099415,SC
80,291,Purvanchali,379.5,GEN
80,291,Sadgope,12,OBC
80,291,Yadav,36,OBC
80,292,Bagdi,9,SC
80,292,Baniya,73,GEN
80,292,Bhumij,0.6,ST
80,292,Brahmin,27.5,GEN
80,292,Hari,4,SC
80,292,Kayastha,349.7368,GEN
80,292,Mahishya,182.5667,GEN
80,292,Muslim,176,Muslim
80,292,Namasudra,43.59649,SC
80,292,Paundra,8.4,SC
80,292,Purvanchali,8.6,GEN
80,292,Sunri,2.5,SC
80,292,Teli,2.5,OBC
80,293,Kayastha,3,GEN
80,293,Mahishya,0.888889,GEN
80,293,Muslim,672,Muslim
80,293,Namasudra,5.111111,SC
80,293,Rajbongshi,3,SC
80,294,Bagdi,0.6,SC
80,294,Baniya,4.4,GEN
80,294,Brahmin,24.2,GEN
80,294,Kayastha,61.36316,GEN
80,294,Kumor,5.4,GEN
80,294,Mahishya,18.8,GEN
80,294,Muslim,878,Muslim
80,294,Namasudra,10.23684,SC
80,294,Paundra,2.4,SC
80,294,Rajbongshi,24,SC
80,294,Sunri,5.6,SC
80,294,Teli,2,OBC
80,294,Yadav,1,OBC
80,294,baishya,17,GEN
80,295,Bagdi,1.2,SC
80,295,Brahmin,51.5,GEN
80,295,Kayastha,291.2658,GEN
80,295,Kumor,11.4,GEN
80,295,Mahishya,169.1,GEN
80,295,Muslim,430,Muslim
80,295,Namasudra,34.20421,SC
80,295,Napit,5.4,SC
80,295,Paundra,7.08,SC
80,295,Purvanchali,3.05,GEN
80,295,Rajbongshi,72,SC
80,295,Sadgope,16,OBC
80,295,Sunri,1.5,SC
80,295,Teli,1.5,OBC
80,295,Yadav,51.8,OBC
80,295,baishya,8,GEN
80,296,Baniya,1,GEN
80,296,Barui,2,SC
80,296,Brahmin,43.17,GEN
80,296,Hari,2,SC
80,296,Karmakar,4,SC
80,296,Kayastha,326.3263,GEN
80,296,Kumor,3.6,GEN
80,296,Mahishya,193.5667,GEN
80,296,Muslim,5,Muslim
80,296,Namasudra,30.96702,SC
80,296,Paundra,0.84,SC
80,296,Purvanchali,20.2,GEN
80,296,Rajbongshi,18,SC
80,296,Sadgope,7,OBC
80,296,Sunri,4,SC
80,296,Teli,4,OBC
80,296,Yadav,22.2,OBC
80,296,baishya,3.13,GEN
80,297,Baniya,25.8,GEN
80,297,Brahmin,28.4,GEN
80,297,Hari,101,SC
80,297,Kayastha,37.02105,GEN
80,297,Mahishya,27.45556,GEN
80,297,Muslim,34,Muslim
80,297,Namasudra,334.8434,SC
80,297,Napit,0.6,SC
80,297,Paundra,55.18,SC
80,297,Purvanchali,24,GEN
80,297,Rajbongshi,3.5,SC
80,297,Santhal,5,ST
80,297,Sunri,4.2,SC
80,298,Baniya,9.8,GEN
80,298,Bhumij,84.6,ST
80,298,Brahmin,90.9,GEN
80,298,Hari,15,SC
80,298,Karmakar,5,SC
80,298,Kayastha,165.2526,GEN
80,298,Kumor,4.2,GEN
80,298,Mahishya,93.82222,GEN
80,298,Muslim,10,Muslim
80,298,Namasudra,303.5051,SC
80,298,Napit,6.6,SC
80,298,Paundra,87.42,SC
80,298,Purvanchali,47.7,GEN
80,298,Rajbongshi,82,SC
80,298,Sadgope,2.8,OBC
80,298,Sunri,18.7,SC
80,298,Teli,7.7,OBC
80,298,Yadav,9,OBC
80,299,Bagdi,6,SC
80,299,Baniya,2,GEN
80,299,Bhumij,4.2,ST
80,299,Brahmin,70.4,GEN
80,299,Hari,3,SC
80,299,Karmakar,1,SC
80,299,Kayastha,164.7684,GEN
80,299,Kumor,1.2,GEN
80,299,Mahishya,78.72222,GEN
80,299,Muslim,1,Muslim
80,299,Namasudra,23.86936,SC
80,299,Napit,0.6,SC
80,299,Paundra,9.34,SC
80,299,Purvanchali,5.9,GEN
80,299,Rajbongshi,99,SC
80,299,Sadgope,26.4,OBC
80,299,Sunri,2.5,SC
80,299,Teli,2.5,OBC
80,299,Yadav,79.6,OBC
80,300,Baniya,26.9,GEN
80,300,Bhumij,0.3,ST
80,300,Brahmin,136.4,GEN
80,300,Dhobi,6,SC
80,300,Hari,1,SC
80,300,Kayastha,146.9684,GEN
80,300,Kumor,22.2,GEN
80,300,Mahishya,58.95556,GEN
80,300,Muslim,3,Muslim
80,300,Namasudra,114.816,SC
80,300,Napit,3,SC
80,300,Paundra,18.96,SC
80,300,Purvanchali,20.1,GEN
80,300,Rajbongshi,114.5,SC
80,300,Sadgope,12,OBC
80,300,Sunri,22.6,SC
80,300,Sutradhar,1,OBC
80,300,Tanti,0.8,OBC
80,300,Teli,7.1,OBC
80,300,Yadav,42.4,OBC
80,301,Bhumij,3.6,ST
80,301,Brahmin,8.8,GEN
80,301,Hari,4,SC
80,301,Karmakar,3,SC
80,301,Kayastha,14.45263,GEN
80,301,Mahishya,10.31111,GEN
80,301,Muslim,626,Muslim
80,301,Namasudra,37.73626,SC
80,301,Napit,0.6,SC
80,301,Paundra,6.8,SC
80,301,Rajbongshi,1.5,SC
80,301,Sadgope,1.8,OBC
80,301,Sunri,2,SC
80,301,Teli,2,OBC
80,301,Yadav,5.4,OBC
80,302,Brahmin,6,GEN
80,302,Hari,13,SC
80,302,Kayastha,11.6,GEN
80,302,Mahishya,2.4,GEN
80,302,Muslim,491,Muslim
80,302,Namasudra,67,SC
80,302,Napit,2.2,SC
80,302,Paundra,3,SC
80,302,Sadgope,0.2,OBC
80,302,Yadav,0.6,OBC
80,303,Brahmin,9.5,GEN
80,303,Hari,4,SC
80,303,Karmakar,8,SC
80,303,Kayastha,336.5553,GEN
80,303,Kumor,21.6,GEN
80,303,Mahishya,114.5444,GEN
80,303,Namasudra,30.95029,SC
80,303,Paundra,4,SC
80,303,Purvanchali,285.85,GEN
80,303,Rajbongshi,1,SC
80,303,Sunri,10,SC
80,303,Teli,10,OBC
80,303,Yadav,7,OBC
80,304,Bagdi,12,SC
80,304,Brahmin,22.2,GEN
80,304,Kayastha,69.3,GEN
80,304,Mahishya,10,GEN
80,304,Namasudra,148,SC
80,304,Paundra,8,SC
80,304,Purvanchali,348.5,GEN
80,305,Baniya,9.3,GEN
80,305,Brahmin,26.1,GEN
80,305,Kayastha,207.2,GEN
80,305,Mahishya,10,GEN
80,305,Namasudra,2,SC
80,305,Purvanchali,0.4,GEN
80,305,Rajbongshi,0.5,SC
80,305,Sadgope,191.2,OBC
80,305,Sunri,0.7,SC
80,305,Yadav,573.6,OBC
80,306,Bagdi,1.2,SC
80,306,Baniya,3,GEN
80,306,Brahmin,37,GEN
80,306,Karmakar,3,SC
80,306,Kayastha,139.5947,GEN
80,306,Mahishya,81.2,GEN
80,306,Muslim,126,Muslim
80,306,Namasudra,171.5053,SC
80,306,Napit,0.6,SC
80,306,Paundra,1.2,SC
80,306,Purvanchali,0.9,GEN
80,306,Rajbongshi,4,SC
80,306,Sadgope,17.2,OBC
80,306,Yadav,51.6,OBC
80,306,baishya,25,GEN
80,307,Bagdi,17.4,SC
80,307,Baniya,10,GEN
80,307,Brahmin,39.9,GEN
80,307,Hari,15,SC
80,307,Kayastha,86.9,GEN
80,307,Mahishya,26.1,GEN
80,307,Muslim,239,Muslim
80,307,Namasudra,43.6,SC
80,307,Napit,2.4,SC
80,307,Paundra,13.7,SC
80,307,Purvanchali,2.1,GEN
80,307,Rajbongshi,10.5,SC
80,307,Sadgope,26.6,OBC
80,307,Yadav,79.8,OBC
80,307,baishya,12,GEN
80,308,Baniya,30.5,GEN
80,308,Bhumij,0.3,ST
80,308,Brahmin,29.9,GEN
80,308,Hari,5,SC
80,308,Karmakar,37,SC
80,308,Kayastha,271.6684,GEN
80,308,Mahishya,170.6,GEN
80,308,Namasudra,341.4116,SC
80,308,Paundra,15.22,SC
80,308,Purvanchali,46.2,GEN
80,308,Rajbongshi,5.5,SC
80,308,Sadgope,10.8,OBC
80,308,Sunri,21,SC
80,308,Teli,17.5,OBC
80,308,Yadav,32.4,OBC
80,309,Bagdi,0.2,SC
80,309,Brahmin,63.1,GEN
80,309,Kayastha,105.3316,GEN
80,309,Mahishya,12.93333,GEN
80,309,Nai,1,OBC
80,309,Namasudra,422.3951,SC
80,309,Paundra,0.24,SC
80,309,Purvanchali,13,GEN
80,309,Rajbongshi,52,SC
80,309,Sadgope,0.2,OBC
80,309,Yadav,0.6,OBC
